	FIPS_CTY	MURDER	RAPE	ROBBERY	AGASSLT	BURGLRY	LARCENY	MVTHEFT	ARSON
1	1	3	15	34	87	447	1233	85	108
1	3	8	30	76	332	967	3829	192	31
1	5	0	4	8	36	90	362	21	0
1	7	1	4	8	36	122	251	27	0
1	9	1	11	9	101	397	865	86	9
1	11	0	2	12	43	98	55	3	23
1	13	6	5	11	87	182	408	30	3
1	15	6	37	131	504	1710	3482	147	34
1	17	1	7	24	160	374	875	96	5
1	19	1	4	2	102	329	610	75	12
1	21	0	13	14	129	389	886	87	8
1	23	1	0	0	12	38	42	5	0
1	25	0	16	12	93	172	399	34	1
1	27	0	0	3	55	26	95	11	24
1	29	0	1	2	25	88	178	8	2
1	31	2	5	12	155	321	786	73	13
1	33	2	15	34	212	636	1342	112	3
1	35	1	4	8	70	108	252	42	5
1	37	0	2	2	17	74	138	12	2
1	39	1	13	7	78	282	684	38	12
1	41	1	3	3	60	85	133	23	2
1	43	2	16	13	161	483	1483	99	6
1	45	1	8	32	164	325	930	63	13
1	47	9	24	70	245	743	1415	158	26
1	49	0	20	9	242	558	1085	131	10
1	51	4	23	44	159	665	1367	85	14
1	53	3	7	18	207	299	793	62	14
1	55	2	45	126	361	1241	2674	294	42
1	57	1	9	3	26	52	110	17	7
1	59	0	10	13	134	216	494	35	2
1	61	0	7	5	73	162	394	34	9
1	63	0	2	7	70	48	90	15	12
1	65	0	3	2	16	66	67	14	1
1	67	4	5	6	52	140	186	17	4
1	69	7	42	108	259	1095	2380	184	18
1	71	0	17	2	185	452	858	84	11
1	73	85	268	1597	3315	9910	19810	1809	185
1	75	0	2	2	14	32	108	7	0
1	77	3	28	55	157	612	1600	100	6
1	79	0	4	6	89	206	362	49	5
1	81	8	26	77	261	954	2942	128	9
1	83	4	2	25	104	398	1146	56	0
1	85	1	3	8	51	117	127	25	7
1	87	6	10	25	140	516	640	110	3
1	89	18	107	523	1445	3217	8556	919	33
1	91	3	8	9	72	148	356	21	4
1	93	1	7	3	74	201	402	42	5
1	95	1	23	29	124	800	1648	127	8
1	97	46	87	661	1493	4458	12315	1034	92
1	99	0	8	8	91	129	423	25	2
1	101	45	45	465	344	3656	7855	1171	66
1	103	2	16	86	201	1114	2595	166	12
1	105	0	0	0	0	0	0	0	0
1	107	5	2	1	34	74	135	5	0
1	109	4	6	21	107	316	779	61	7
1	111	0	4	3	54	228	408	44	6
1	113	2	24	70	172	776	1484	218	0
1	115	9	15	20	132	341	1166	67	16
1	117	8	38	63	252	820	3110	203	8
1	119	1	2	4	67	99	194	15	0
1	121	3	25	39	198	1028	2262	185	8
1	123	3	6	17	179	296	809	52	4
1	125	10	56	234	568	1932	5013	367	28
1	127	2	16	56	219	780	1839	170	11
1	129	2	3	3	46	68	146	23	6
1	131	0	1	5	32	45	103	11	2
1	133	1	12	3	74	177	385	48	6
1	777	0	0	3	1	77	207	12	2
2	13	0	0	0	0	0	0	0	0
2	16	1	1	1	10	8	43	10	0
2	20	15	303	488	1676	1159	8724	845	98
2	50	1	14	2	32	39	58	38	4
2	60	0	0	0	1	5	32	7	0
2	70	0	18	1	28	12	55	7	0
2	90	3	29	39	112	148	1283	118	5
2	100	0	0	0	4	2	25	1	0
2	110	0	9	16	90	94	975	30	9
2	122	0	3	4	89	61	693	26	3
2	130	0	9	4	16	31	284	8	1
2	150	0	8	10	103	23	200	31	3
2	164	0	0	0	0	0	0	0	0
2	170	0	4	8	49	77	511	28	8
2	180	0	3	2	18	12	23	9	2
2	185	1	14	3	52	36	59	11	1
2	188	0	23	12	43	46	126	38	2
2	201	0	0	0	5	3	20	3	0
2	220	0	1	1	10	17	120	6	0
2	232	0	0	0	2	0	19	0	0
2	240	0	0	0	0	0	0	0	0
2	261	0	0	0	18	11	135	10	0
2	270	0	0	0	0	0	0	0	0
2	280	0	0	0	15	22	112	9	0
2	282	0	0	0	0	0	0	0	0
2	290	0	0	0	0	0	0	0	0
2	777	1	0	0	0	0	0	0	0
2	999	8	137	37	746	1133	1955	278	51
4	1	1	2	3	63	159	237	12	41
4	3	4	40	52	669	713	2662	197	32
4	5	4	47	56	350	555	3598	117	52
4	7	1	4	11	114	252	587	55	19
4	9	1	0	0	229	119	251	21	7
4	11	1	3	1	50	37	88	4	0
4	12	0	0	2	79	151	408	54	0
4	13	208	1088	5341	9810	32859	90864	11818	758
4	15	12	31	57	267	1790	4842	444	20
4	17	3	13	13	355	659	1702	88	8
4	19	56	345	1481	2883	8284	11683	3599	310
4	21	13	67	114	570	2207	6811	587	71
4	23	1	0	13	39	191	490	72	0
4	25	12	44	47	584	943	3186	221	42
4	27	8	41	72	576	1567	3078	394	45
4	777	27	443	89	1222	1759	2542	1022	549
5	1	0	4	24	83	339	429	34	7
5	3	3	3	8	38	198	320	22	9
5	5	3	13	3	30	215	969	45	1
5	7	3	112	29	490	1214	3461	176	22
5	9	1	21	3	108	292	737	71	9
5	11	1	1	9	20	141	65	10	1
5	13	2	1	0	7	12	26	2	0
5	15	1	18	3	47	178	471	56	1
5	17	0	4	8	56	83	171	2	2
5	19	5	10	4	69	201	486	19	1
5	21	0	2	1	11	93	90	3	3
5	23	0	14	3	46	323	518	52	9
5	25	0	0	1	6	70	47	9	0
5	27	0	3	5	38	388	318	31	1
5	29	0	8	0	49	112	446	35	10
5	31	4	29	82	212	1387	2285	110	18
5	33	1	24	8	162	456	1060	70	1
5	35	8	38	165	662	1482	1753	189	28
5	37	0	5	3	53	190	244	8	5
5	39	2	5	7	27	80	144	5	1
5	41	0	6	8	38	106	175	13	3
5	43	1	8	5	54	151	423	23	2
5	45	4	62	80	230	1064	2823	228	15
5	47	2	7	2	46	99	287	24	3
5	49	0	3	1	14	34	148	11	1
5	51	10	37	63	268	1612	3379	240	2
5	53	1	3	3	49	137	219	22	4
5	55	2	15	17	87	685	1077	93	7
5	57	2	16	12	116	332	615	51	6
5	59	0	5	4	12	39	96	7	2
5	61	0	6	2	35	120	297	4	0
5	63	0	22	16	170	601	830	121	25
5	65	0	8	1	18	148	197	14	5
5	67	0	10	15	38	235	557	50	7
5	69	14	42	139	507	1400	2306	255	44
5	71	2	12	1	38	271	445	10	3
5	73	0	1	0	3	30	32	0	1
5	75	0	2	1	19	64	121	5	3
5	77	0	2	6	5	87	158	14	2
5	79	0	3	3	10	76	54	4	0
5	81	0	8	1	31	61	165	5	3
5	83	0	11	1	31	196	271	33	1
5	85	0	28	18	174	864	1145	121	15
5	87	0	9	0	38	48	77	7	3
5	89	0	6	1	47	117	190	6	1
5	91	1	9	45	360	488	1597	130	6
5	93	8	21	47	266	891	1273	114	6
5	95	1	3	5	19	57	133	6	2
5	97	0	0	0	0	7	9	0	1
5	99	0	1	4	14	61	120	9	5
5	101	0	5	0	0	12	7	0	0
5	103	2	1	11	75	240	471	8	3
5	105	0	4	1	25	37	127	7	0
5	107	1	8	26	132	478	442	33	11
5	109	0	1	1	7	34	58	7	0
5	111	2	23	7	55	217	424	16	5
5	113	1	9	3	46	214	360	13	8
5	115	1	28	7	123	526	1243	108	3
5	117	1	1	0	5	17	123	1	0
5	119	61	179	1058	2458	7065	18011	1805	130
5	121	0	0	0	5	40	21	1	2
5	123	4	7	45	92	465	1081	34	9
5	125	0	21	40	225	775	2277	186	10
5	127	0	4	1	15	118	211	13	1
5	129	1	1	0	11	19	14	3	1
5	131	6	77	97	600	1261	3804	199	12
5	133	0	4	1	26	123	273	15	1
5	135	0	3	1	12	73	144	6	2
5	137	0	5	0	26	60	136	12	6
5	139	1	4	36	205	522	802	62	7
5	141	1	3	0	39	63	234	24	5
5	143	7	131	70	733	1285	5033	331	30
5	145	1	13	23	118	915	1472	173	5
5	147	0	1	1	0	8	61	1	2
5	149	1	5	6	48	198	239	25	4
6	1	153	477	6220	5050	13245	35841	13044	337
6	3	0	3	0	5	18	20	5	0
6	5	0	5	14	111	241	512	44	2
6	7	11	75	167	431	1919	3147	593	62
6	9	0	18	9	74	391	662	96	2
6	11	1	7	12	26	171	331	53	2
6	13	56	169	1603	2556	8556	16973	7258	164
6	15	1	22	24	108	288	283	116	6
6	17	3	26	57	358	983	1759	209	12
6	19	76	170	1410	3448	10493	24451	6909	415
6	21	0	2	7	69	230	400	102	7
6	23	2	39	130	218	1130	3212	508	48
6	25	3	20	111	358	2037	3508	718	28
6	27	0	4	4	75	103	211	11	0
6	29	65	174	1313	3424	10931	17584	6246	589
6	31	4	55	106	602	813	2222	405	34
6	33	3	33	60	280	766	958	201	25
6	35	1	8	11	112	166	334	31	9
6	37	600	1976	18923	23057	49107	142604	40555	2210
6	39	2	35	139	758	1654	1715	648	11
6	41	0	30	156	304	1253	3254	584	42
6	43	3	2	2	64	93	222	22	0
6	45	6	27	46	279	563	981	190	38
6	47	23	54	331	1425	2686	6047	1358	83
6	49	1	12	3	53	58	90	4	5
6	51	0	4	9	31	86	170	2	1
6	53	45	94	706	1021	2912	5612	1774	64
6	55	2	30	71	382	658	1895	310	11
6	57	1	19	19	204	617	1071	155	14
6	59	51	398	2132	4208	11819	48899	7103	298
6	61	2	50	140	488	1601	4696	578	37
6	63	0	15	1	92	143	271	23	0
6	65	76	322	2349	4242	19105	39880	9191	241
6	67	79	383	2560	4986	11383	28679	8416	244
6	69	1	15	33	168	357	562	104	12
6	71	102	422	2923	5585	18788	32802	11509	367
6	73	107	692	3200	7840	14076	43412	12136	346
6	75	69	110	3554	2141	5401	29256	5381	211
6	77	89	152	1992	4016	8019	16847	4398	158
6	79	6	69	78	753	1568	4266	418	87
6	81	10	105	504	1140	3259	9543	1563	84
6	83	6	146	311	1180	2430	6933	801	54
6	85	55	402	1639	2846	8940	28055	10997	312
6	87	10	76	220	735	1633	6104	972	43
6	89	7	97	165	1029	1754	3623	903	35
6	91	0	0	0	17	16	37	2	1
6	93	5	12	13	74	240	505	74	2
6	95	28	115	659	1044	4322	6435	2433	118
6	97	4	152	232	1404	1826	5982	706	62
6	99	38	129	788	1920	5551	12425	4085	117
6	101	5	26	45	242	758	1786	288	15
6	103	3	17	36	298	451	896	160	5
6	105	4	3	1	13	81	82	24	0
6	107	33	115	412	1540	4364	9194	1835	39
6	109	0	15	16	74	468	637	85	25
6	111	21	100	617	926	3113	11404	1404	128
6	113	0	71	162	323	1312	4122	522	106
6	115	6	27	39	213	612	1148	253	27
6	777	5	7	12	247	73	197	24	5
8	1	22	274	238	1044	2175	9187	1464	101
8	3	0	3	3	22	52	226	15	3
8	5	22	265	552	970	2879	11787	1348	110
8	7	0	3	1	20	65	125	8	3
8	9	0	0	0	5	2	10	0	0
8	11	0	0	1	13	37	50	2	0
8	13	0	66	97	361	1106	5226	291	106
8	14	1	7	6	16	90	1081	47	6
8	15	0	2	0	8	48	221	4	1
8	17	0	0	0	2	3	15	2	1
8	19	0	1	1	22	30	108	11	8
8	21	0	0	0	3	23	20	7	3
8	23	0	0	0	6	8	1	4	0
8	25	0	0	0	11	1	1	0	0
8	27	0	1	0	4	13	35	3	1
8	29	0	4	5	24	98	446	28	10
8	31	39	383	1170	2299	5152	14857	3688	98
8	33	0	0	0	1	15	11	0	0
8	35	1	50	15	188	539	2438	93	28
8	37	2	18	4	66	116	704	18	11
8	39	0	1	1	9	39	66	3	0
8	41	20	448	566	1449	4680	14760	2068	117
8	43	0	23	5	90	198	625	30	4
8	45	1	11	4	54	178	784	61	3
8	47	0	3	0	16	28	185	9	0
8	49	0	1	1	3	6	39	0	0
8	51	0	5	2	41	35	260	13	0
8	53	0	0	0	0	5	5	0	0
8	55	0	4	6	17	47	97	11	0
8	57	0	0	0	2	2	4	0	0
8	59	8	172	238	830	2186	11565	1151	69
8	61	0	0	0	2	0	0	1	0
8	63	0	4	0	19	15	84	7	0
8	65	0	2	1	9	12	52	2	0
8	67	2	9	8	79	148	647	34	7
8	69	3	87	75	548	1098	6270	252	52
8	71	0	1	7	10	41	121	5	0
8	73	0	0	0	9	12	49	4	0
8	75	2	4	4	36	150	364	14	1
8	77	5	108	44	311	573	3456	262	35
8	79	0	0	0	0	0	0	1	0
8	81	1	4	0	12	47	230	7	4
8	83	1	1	5	52	60	326	25	1
8	85	2	4	3	63	203	680	47	5
8	87	0	0	3	22	94	389	15	2
8	89	0	7	3	24	98	203	10	2
8	91	0	0	0	1	4	24	0	0
8	93	0	3	0	17	27	41	2	4
8	95	0	0	0	1	5	9	1	0
8	97	0	6	1	20	26	368	6	2
8	99	0	0	2	17	61	245	12	0
8	101	8	22	199	581	1962	4931	518	43
8	103	0	1	1	7	15	65	4	0
8	105	2	1	5	10	72	156	3	1
8	107	1	8	4	30	55	296	26	3
8	109	0	0	0	15	31	47	6	1
8	111	0	0	0	1	4	11	1	0
8	113	0	0	0	6	8	105	2	0
8	115	0	0	0	5	6	13	1	0
8	117	1	17	2	17	68	771	20	7
8	119	0	5	0	43	52	179	12	3
8	121	0	3	0	13	15	57	5	1
8	123	6	61	89	583	971	4127	286	52
8	125	2	3	0	2	7	40	3	0
8	777	0	4	1	11	5	0	5	2
9	1	33	485	948	1277	3214	11574	1515	65
9	3	34	129	1153	1429	4293	16180	2020	140
9	5	2	38	19	66	386	1877	103	8
9	7	2	19	37	76	316	1457	115	4
9	9	33	140	1351	1864	4218	18049	2108	58
9	11	5	42	99	425	662	2537	168	35
9	13	0	12	8	34	164	559	51	6
9	15	0	11	21	41	194	561	74	8
9	777	0	1	1	6	9	92	7	0
9	999	8	56	72	206	1331	3018	317	70
10	1	4	47	161	693	1230	4743	213	196
10	3	46	130	1167	1855	4310	12637	1015	22
10	5	6	72	170	697	1850	4502	210	8
11	1	88	236	4037	3505	3519	23575	3663	51
12	1	10	138	253	1133	1917	6331	357	25
12	3	0	4	9	51	51	230	16	0
12	5	9	70	168	623	1558	5538	295	20
12	7	0	12	6	112	179	339	26	2
12	9	30	199	505	2229	3945	11867	847	64
12	11	80	401	3408	4771	17400	45279	4320	180
12	13	0	2	0	18	33	75	6	0
12	15	1	24	37	337	910	2475	122	7
12	17	5	26	57	363	737	1971	129	16
12	19	7	49	86	656	842	3330	126	22
12	21	6	41	151	631	1356	3932	243	16
12	23	3	20	46	373	812	1317	53	3
12	27	1	6	30	112	319	487	23	4
12	29	0	5	5	48	213	194	27	4
12	31	94	355	1436	3621	8025	27335	1712	96
12	33	22	162	502	1756	3899	9920	680	52
12	35	1	8	38	210	436	1432	74	6
12	37	1	16	1	74	84	130	11	1
12	39	5	12	25	202	444	659	42	5
12	41	0	0	1	32	94	137	16	0
12	43	0	3	1	35	72	111	11	0
12	45	1	4	5	59	125	134	8	2
12	47	0	0	5	44	148	178	11	1
12	49	1	9	12	54	229	471	36	0
12	51	0	15	37	181	595	646	52	8
12	53	2	46	71	396	1249	3213	166	7
12	55	3	24	65	173	840	1527	105	10
12	57	53	187	1130	3200	7139	21548	1811	110
12	59	1	5	3	39	96	137	16	1
12	61	1	17	64	356	851	2830	102	1
12	63	0	17	27	163	245	577	24	5
12	65	0	3	6	79	103	64	9	2
12	67	1	1	1	24	28	38	1	1
12	69	8	65	130	794	2003	4934	375	25
12	71	45	109	553	1527	4171	9927	923	46
12	73	17	137	576	1142	3378	7002	641	25
12	75	0	18	5	89	323	590	45	1
12	77	1	1	0	11	22	31	0	0
12	79	1	7	13	133	153	317	16	4
12	81	26	141	388	1449	2720	7699	404	14
12	83	21	166	162	1267	1989	5080	242	16
12	85	4	36	88	269	721	2369	133	11
12	86	210	570	6006	10383	21105	82992	9451	226
12	87	3	33	66	289	638	2549	144	6
12	89	1	4	21	95	412	926	72	12
12	91	2	72	108	718	920	3889	219	2
12	93	0	19	30	150	550	786	51	0
12	95	76	450	1977	5616	14034	32034	4013	50
12	97	8	75	209	1166	2801	5962	367	7
12	99	74	381	1883	4230	10230	31147	2641	157
12	101	12	107	304	1094	3597	8943	657	91
12	103	44	361	1206	3505	7392	24499	1755	167
12	105	39	126	421	1584	5796	12467	825	90
12	107	5	37	51	428	1029	1952	80	7
12	109	8	14	58	510	929	3514	167	4
12	111	7	104	223	796	2001	4673	273	15
12	113	0	25	27	193	597	1549	100	7
12	115	17	71	288	861	2741	7901	378	26
12	117	17	86	357	985	2478	7200	504	17
12	119	0	16	17	119	321	559	45	1
12	121	1	2	17	135	337	402	26	1
12	123	3	10	6	135	117	164	15	3
12	125	1	1	7	30	64	80	9	2
12	127	19	96	422	1623	4095	12072	1046	29
12	129	0	13	4	75	149	513	22	7
12	131	1	14	18	183	375	980	70	5
12	133	0	3	4	62	100	283	17	2
12	777	0	3	17	44	73	932	72	0
13	1	1	3	3	23	147	438	13	0
13	3	1	2	4	24	72	138	7	0
13	5	0	7	12	25	43	113	5	0
13	7	0	0	0	7	7	20	3	0
13	9	2	18	15	196	359	1044	40	3
13	11	0	2	1	52	109	428	29	0
13	13	0	11	22	296	409	1149	94	7
13	15	2	23	38	350	1032	2545	287	6
13	17	0	23	12	54	180	303	24	3
13	19	0	4	8	25	149	274	11	1
13	21	24	56	292	439	2395	6307	683	211
13	23	0	4	5	11	105	260	6	1
13	25	1	9	5	23	229	119	0	0
13	27	0	12	10	65	117	328	34	0
13	29	0	5	8	41	122	451	29	0
13	31	4	23	61	35	514	1735	91	2
13	33	2	1	11	137	215	397	21	0
13	35	0	10	12	43	118	392	49	0
13	37	0	0	14	31	21	49	7	0
13	39	2	7	23	175	343	1055	46	5
13	43	0	1	9	18	61	139	0	0
13	45	3	35	71	229	903	2402	162	8
13	47	3	8	18	102	347	1428	136	7
13	49	0	2	1	15	45	141	7	2
13	51	24	39	537	474	2458	6876	759	39
13	53	0	0	0	0	19	3	1	1
13	55	0	1	0	40	144	335	15	0
13	57	3	35	32	136	774	2189	168	1
13	59	5	55	162	256	1193	3470	255	25
13	61	0	0	0	2	2	0	0	0
13	63	28	71	693	728	4477	7068	1636	34
13	65	2	0	8	26	75	171	2	1
13	67	15	119	646	1115	4322	11263	1136	44
13	69	4	22	55	101	479	1458	56	7
13	71	4	11	41	123	403	1250	65	9
13	73	1	12	22	42	451	2035	110	11
13	75	0	9	6	22	153	185	11	0
13	77	2	14	54	150	609	1937	145	9
13	79	1	1	6	39	162	262	20	0
13	81	3	9	44	55	333	993	36	4
13	83	0	1	1	36	62	169	22	0
13	85	0	0	2	9	69	281	24	3
13	87	3	2	11	111	254	743	25	0
13	89	80	163	2140	1847	10669	21449	5575	184
13	91	0	5	4	59	211	714	20	0
13	93	0	1	5	36	38	125	5	0
13	95	4	32	240	589	1600	3844	266	13
13	97	1	22	77	276	815	3103	229	9
13	99	1	3	8	55	105	196	6	0
13	101	0	0	0	0	20	25	1	0
13	103	1	16	10	22	193	341	29	1
13	105	2	3	9	60	204	523	34	0
13	107	2	6	14	118	253	799	59	2
13	109	0	0	3	10	53	95	12	0
13	111	0	3	2	80	172	285	39	4
13	113	3	7	21	54	286	1125	130	5
13	115	5	25	56	256	903	2700	144	36
13	117	0	15	10	142	395	1432	33	2
13	119	0	4	6	26	133	361	26	0
13	121	123	216	3365	4428	11091	31070	7645	135
13	123	0	6	0	58	127	410	12	0
13	125	0	0	0	0	0	0	0	0
13	127	6	13	125	312	957	2814	112	8
13	129	4	10	11	158	345	1110	63	1
13	131	0	7	5	27	130	346	20	0
13	133	1	0	4	44	100	340	11	0
13	135	39	198	807	857	4849	12877	1305	65
13	137	0	7	1	53	269	576	33	0
13	139	7	36	96	185	923	3078	324	22
13	141	0	0	2	5	42	70	8	0
13	143	1	6	4	155	310	442	90	1
13	145	0	1	2	34	82	272	12	2
13	147	0	3	6	86	200	677	14	0
13	149	0	3	0	26	38	111	15	0
13	151	5	39	123	222	1609	3945	444	16
13	153	8	31	166	285	1142	4198	211	18
13	155	0	9	0	27	73	171	11	2
13	157	0	11	9	71	242	954	54	2
13	159	0	4	0	34	75	110	10	0
13	161	1	0	3	77	115	346	10	2
13	163	0	1	17	32	121	210	13	0
13	165	0	0	0	0	0	0	0	0
13	167	0	1	3	20	62	108	8	0
13	169	1	2	3	18	150	372	36	4
13	171	3	8	7	41	79	384	34	4
13	173	0	4	4	27	83	114	12	0
13	175	3	4	54	102	486	1384	75	1
13	177	1	1	5	85	150	453	27	2
13	179	2	26	41	178	601	1482	79	6
13	181	0	0	4	26	59	152	8	0
13	183	1	12	3	10	154	130	19	1
13	185	5	44	97	214	901	2342	111	13
13	187	0	11	2	68	117	311	28	2
13	189	1	1	1	10	107	161	15	0
13	191	1	0	4	20	146	231	23	0
13	193	1	0	5	21	103	477	20	0
13	195	0	3	7	34	193	512	46	6
13	197	0	0	0	4	18	56	2	0
13	199	0	1	4	53	181	424	42	2
13	201	0	1	1	15	27	79	11	1
13	205	0	3	12	52	119	415	29	0
13	207	0	2	6	31	126	359	37	4
13	209	0	2	0	1	4	9	1	0
13	211	0	3	9	20	104	280	25	4
13	213	1	6	3	82	170	646	50	0
13	215	17	31	424	523	2712	7767	846	28
13	217	5	26	54	287	986	1612	248	11
13	219	0	0	4	36	61	397	32	1
13	221	1	12	4	43	112	320	12	1
13	223	1	18	32	170	687	2012	271	9
13	225	0	2	19	157	286	688	47	1
13	227	2	0	0	55	134	468	23	0
13	229	0	4	16	41	143	218	13	0
13	231	0	3	2	6	44	69	1	0
13	233	3	12	49	112	580	1254	91	5
13	235	0	2	2	35	80	171	4	0
13	237	0	7	13	94	173	324	11	1
13	239	0	0	0	13	18	24	2	0
13	241	1	0	1	29	136	201	17	0
13	243	0	0	2	7	39	71	2	0
13	245	28	90	546	255	3186	7591	1193	51
13	247	1	14	56	240	804	2234	271	3
13	249	0	0	0	6	16	37	1	0
13	251	1	1	12	21	99	242	22	0
13	253	1	1	4	27	55	125	5	0
13	255	3	24	82	240	797	2288	160	3
13	257	4	5	15	74	161	733	20	0
13	259	0	0	1	2	16	4	0	0
13	261	0	4	40	192	741	826	42	0
13	263	1	0	3	6	29	76	6	0
13	265	0	0	0	3	24	28	6	0
13	267	0	2	2	12	129	246	34	0
13	269	0	0	1	22	53	60	4	1
13	271	0	2	2	41	69	155	9	0
13	273	2	1	1	30	81	61	6	2
13	275	3	13	32	105	536	1155	100	9
13	277	5	18	45	154	369	1514	68	16
13	279	3	8	14	52	235	610	34	1
13	281	0	0	1	14	38	152	5	0
13	283	0	0	0	4	26	50	0	0
13	285	5	15	76	122	706	1935	119	7
13	287	0	6	4	38	46	161	19	3
13	289	0	0	4	9	59	101	6	1
13	291	0	0	1	17	96	183	13	5
13	293	1	6	16	25	269	617	20	1
13	295	0	8	31	110	518	1310	103	0
13	297	21	27	42	167	817	1719	163	4
13	299	3	7	44	92	309	1275	56	8
13	301	0	0	1	34	30	60	5	0
13	303	1	1	10	39	132	375	9	2
13	305	8	6	24	163	318	1289	24	0
13	307	0	0	0	1	23	16	3	0
13	309	0	1	1	9	23	65	4	0
13	311	2	6	2	42	212	426	28	0
13	313	3	19	38	212	780	2121	121	14
13	315	0	5	1	14	59	55	6	0
13	317	1	1	1	50	50	126	5	0
13	319	0	1	1	9	50	96	6	0
13	321	2	1	7	46	225	364	24	1
15	1	5	41	74	301	1184	3751	443	19
15	3	11	165	914	1246	4713	21978	2754	210
15	5	0	0	0	0	0	0	0	0
15	7	0	29	22	159	689	1753	151	10
15	9	5	44	115	247	1067	4419	517	73
16	1	3	123	81	653	1479	6426	229	82
16	3	0	0	0	1	3	13	0	0
16	5	3	14	25	154	337	1773	69	7
16	7	0	1	0	4	18	77	1	1
16	9	0	0	1	24	37	35	5	2
16	11	0	16	5	45	212	506	39	4
16	13	1	4	0	65	61	114	24	2
16	15	0	2	2	11	33	109	13	1
16	17	2	4	2	32	295	606	64	1
16	19	0	41	15	145	423	1875	96	8
16	21	0	1	0	10	78	60	9	0
16	23	0	0	0	5	0	1	0	0
16	25	0	0	0	1	3	6	0	0
16	27	4	69	33	324	1050	2754	179	34
16	29	0	1	0	12	10	23	1	0
16	31	2	9	1	22	70	269	16	0
16	33	0	0	0	0	3	5	0	0
16	35	0	0	0	12	43	112	4	0
16	37	0	1	0	0	9	19	1	1
16	39	0	7	3	53	57	247	10	10
16	41	0	4	0	6	23	83	2	0
16	43	0	5	0	10	27	83	3	0
16	45	0	5	0	22	41	70	4	3
16	47	0	5	1	22	133	104	12	3
16	49	0	0	0	22	48	81	7	1
16	51	0	5	0	13	33	121	11	0
16	53	0	13	7	45	138	186	21	6
16	55	1	58	23	343	1173	3096	274	37
16	57	0	9	4	44	164	648	30	4
16	59	0	1	0	10	16	33	1	0
16	61	0	0	0	2	11	16	5	0
16	63	0	2	1	5	9	3	1	0
16	65	1	9	1	19	46	260	5	2
16	67	0	10	3	11	100	213	29	5
16	69	0	9	10	43	324	1016	63	2
16	71	0	0	0	1	6	19	1	0
16	73	2	3	0	18	42	83	14	2
16	75	0	4	0	49	119	292	14	5
16	77	0	1	0	10	14	84	6	0
16	79	2	3	0	29	74	152	20	2
16	81	0	2	0	4	26	29	1	0
16	83	4	24	19	171	334	1177	77	12
16	85	0	9	0	22	47	151	6	1
16	87	0	0	0	4	19	27	4	0
16	777	4	20	5	78	49	135	7	15
17	1	0	28	16	160	287	1251	30	9
17	3	1	2	5	119	82	184	12	2
17	5	0	0	2	3	59	162	9	1
17	7	0	1	0	3	12	75	2	0
17	9	0	0	0	14	14	22	1	2
17	11	0	9	3	35	140	368	10	7
17	13	0	0	0	0	0	0	0	0
17	15	0	1	0	6	45	173	2	1
17	17	0	1	0	29	11	29	2	0
17	19	4	129	226	789	1571	4040	166	47
17	21	0	4	0	38	83	238	23	9
17	23	0	4	0	33	49	80	4	5
17	25	0	2	0	3	38	200	3	1
17	27	0	6	3	40	63	338	10	0
17	29	2	26	14	105	140	517	14	18
17	31	566	463	15583	14657	34233	115634	20245	892
17	33	0	6	0	42	54	185	6	4
17	35	0	0	0	23	27	54	2	8
17	37	1	47	31	192	337	1836	47	22
17	39	0	1	1	8	13	42	0	1
17	41	0	3	1	44	86	115	6	1
17	43	6	115	259	502	2222	12033	495	101
17	45	0	4	3	50	88	154	12	2
17	47	0	0	0	16	18	39	2	0
17	49	0	8	2	26	89	504	22	5
17	51	0	10	0	28	91	249	9	1
17	53	0	11	1	32	64	122	3	0
17	55	0	6	9	125	257	522	39	2
17	57	0	14	5	45	148	452	16	2
17	59	0	0	0	0	0	0	0	0
17	61	0	1	0	38	48	85	1	1
17	63	1	4	1	27	162	843	8	12
17	65	0	0	0	0	28	16	0	0
17	67	0	1	0	1	57	175	5	0
17	69	0	0	1	16	1	8	1	0
17	71	0	1	1	37	69	103	0	1
17	73	0	18	0	43	98	693	13	6
17	75	1	6	1	12	100	289	11	3
17	77	1	29	53	264	488	1683	73	20
17	79	0	1	0	27	27	72	7	1
17	81	0	20	27	198	326	832	30	16
17	83	0	15	0	24	80	322	6	2
17	85	0	11	0	21	56	143	8	1
17	87	0	1	1	28	17	110	6	0
17	89	6	138	189	520	1601	6110	238	77
17	91	8	49	82	207	658	2195	94	46
17	93	2	38	14	93	297	1372	30	11
17	95	2	20	14	121	340	1032	22	4
17	97	6	165	266	625	2474	9857	305	57
17	99	0	14	14	88	424	1652	38	18
17	101	1	1	0	11	33	90	5	5
17	103	2	11	2	19	158	462	8	3
17	105	1	13	7	66	144	657	20	91
17	107	0	11	7	59	164	387	9	4
17	109	0	18	2	45	141	554	9	3
17	111	1	74	37	210	596	3236	55	33
17	113	1	73	84	401	770	2793	89	25
17	115	6	35	111	270	1090	1776	97	35
17	117	0	7	1	76	141	455	16	6
17	119	12	84	118	392	1413	4303	177	40
17	121	0	12	15	87	292	944	52	8
17	123	0	2	1	19	48	55	2	2
17	125	0	10	3	40	46	134	15	0
17	127	1	11	3	45	45	287	11	0
17	129	0	1	0	1	25	54	1	0
17	131	1	4	3	32	68	137	3	1
17	133	0	8	0	7	48	203	2	0
17	135	0	5	3	90	102	388	16	4
17	137	0	14	8	59	127	398	6	4
17	139	0	2	0	8	32	76	2	0
17	141	1	1	1	20	106	317	6	3
17	143	14	53	347	723	1809	4545	290	61
17	145	0	5	0	32	62	119	11	3
17	147	0	8	1	17	66	79	5	3
17	149	0	3	1	0	15	44	2	0
17	151	0	0	0	0	0	0	0	0
17	153	0	3	2	15	27	37	1	0
17	155	0	2	0	0	11	45	4	1
17	157	0	4	2	27	62	184	9	1
17	159	0	10	1	24	51	238	7	7
17	161	4	42	80	426	721	3039	119	26
17	163	28	183	349	1528	2426	5150	657	70
17	165	0	3	4	78	198	270	29	3
17	167	40	160	318	1110	2104	6278	875	76
17	169	0	0	0	7	7	54	1	0
17	171	0	0	0	0	9	25	0	1
17	173	0	0	0	10	46	98	9	1
17	175	0	0	0	5	24	41	4	1
17	177	2	9	15	20	283	839	10	5
17	179	3	36	36	247	653	1860	51	22
17	181	1	0	0	31	40	192	5	0
17	183	4	63	88	299	955	1979	124	27
17	185	0	2	0	22	46	218	10	1
17	187	0	4	2	69	133	460	10	4
17	189	0	0	1	40	30	69	0	0
17	191	0	3	1	47	87	198	4	2
17	193	2	6	2	29	70	252	21	0
17	195	0	24	8	73	248	1129	41	1
17	197	21	108	249	767	2416	8545	430	140
17	199	0	14	14	208	507	429	66	6
17	201	15	196	553	1721	2939	7356	492	101
17	203	0	3	1	19	66	308	10	1
18	1	0	1	2	5	28	95	7	1
18	3	24	105	469	438	2308	8185	518	64
18	5	1	18	25	90	382	2138	234	5
18	7	0	3	0	9	16	37	0	0
18	9	0	1	3	6	66	193	7	0
18	11	0	5	5	10	131	635	5	1
18	13	1	1	0	0	38	43	5	1
18	15	0	3	1	9	95	206	27	0
18	17	0	7	5	8	224	986	56	2
18	19	3	16	73	579	954	3388	263	4
18	21	0	1	1	18	45	199	18	0
18	23	0	12	17	56	190	822	58	2
18	25	0	0	0	5	107	11	5	0
18	27	0	2	2	48	215	469	39	1
18	29	2	2	6	17	64	502	8	0
18	31	0	0	1	32	8	114	3	3
18	33	1	7	3	18	97	514	28	1
18	35	1	11	104	192	914	2631	232	41
18	37	0	2	0	24	42	210	14	0
18	39	8	61	149	596	1247	3629	334	34
18	41	0	0	0	1	1	7	0	0
18	43	4	24	39	77	504	2119	212	5
18	45	1	0	0	3	12	33	1	1
18	47	0	1	1	6	100	115	8	0
18	49	0	1	3	11	41	69	13	0
18	51	0	5	2	43	84	390	22	5
18	53	3	14	51	35	392	1336	96	10
18	55	2	5	0	10	45	334	18	0
18	57	0	13	31	56	422	2420	144	10
18	59	1	6	16	24	190	536	41	2
18	61	0	4	5	20	108	342	40	1
18	63	0	10	20	121	222	1467	77	4
18	65	2	8	7	4	469	1344	74	1
18	67	4	19	63	135	682	1574	107	1
18	69	0	15	7	25	98	483	22	16
18	71	1	9	7	88	296	1505	98	3
18	73	1	2	0	12	47	228	4	0
18	75	0	0	4	28	52	300	19	0
18	77	0	0	0	3	1	18	0	0
18	79	0	8	0	102	310	420	15	0
18	81	1	4	45	287	502	3068	98	7
18	83	0	5	7	9	217	676	62	1
18	85	2	10	6	119	179	983	50	7
18	87	1	2	6	17	78	184	15	1
18	89	62	122	685	1169	4241	12146	1911	154
18	91	3	22	72	86	827	2672	146	23
18	93	2	9	5	94	235	678	43	6
18	95	3	60	88	190	965	2842	262	41
18	97	102	453	3486	6017	15125	29122	4757	414
18	99	1	7	6	40	128	669	34	7
18	101	0	0	0	8	26	69	9	5
18	103	0	3	6	33	108	237	14	1
18	105	4	49	54	262	941	3648	251	28
18	107	1	7	6	47	275	672	43	0
18	109	1	5	4	22	175	1099	86	3
18	111	0	0	0	11	74	123	9	1
18	113	0	7	2	19	145	486	15	1
18	115	0	0	0	0	2	2	0	0
18	117	0	0	2	32	60	6	2	0
18	119	0	4	0	0	2	6	0	0
18	121	0	2	1	7	17	19	1	1
18	123	2	2	0	6	35	132	8	6
18	125	1	0	0	16	37	240	9	0
18	127	5	18	19	133	561	2380	182	13
18	129	0	1	3	6	107	299	23	2
18	131	0	1	1	26	42	123	16	4
18	133	2	5	0	10	98	111	16	0
18	135	0	0	0	6	134	320	21	2
18	137	1	4	1	18	113	308	13	1
18	139	0	5	2	7	125	355	11	0
18	141	21	91	388	410	2626	5877	525	56
18	143	2	10	8	46	274	756	25	1
18	145	0	2	2	16	138	951	53	2
18	147	5	5	0	0	2	11	0	0
18	149	0	2	0	25	34	151	10	3
18	151	2	4	6	3	174	816	21	4
18	153	3	1	0	7	64	252	17	0
18	155	0	1	0	2	2	4	0	0
18	157	1	63	87	394	1032	3725	275	16
18	159	0	1	0	15	97	173	6	0
18	161	0	0	0	0	0	1	0	0
18	163	8	56	199	298	1132	4544	422	76
18	165	0	1	1	19	53	107	7	1
18	167	6	38	90	114	1350	3560	351	54
18	169	0	3	0	1	16	129	0	0
18	171	0	0	0	4	0	1	0	0
18	173	0	12	6	144	126	771	39	7
18	175	0	0	1	29	5	47	1	0
18	177	7	51	55	88	613	1259	143	41
18	179	0	2	0	5	118	461	12	0
18	181	3	1	6	32	36	218	24	2
18	183	0	2	1	11	27	163	11	0
19	1	0	0	0	5	28	39	5	1
19	3	0	1	0	14	11	36	2	0
19	5	0	1	1	10	25	97	6	1
19	7	0	6	0	36	141	218	23	11
19	9	0	0	0	4	7	15	1	0
19	11	0	4	0	9	156	108	11	2
19	13	5	93	75	397	1061	2418	140	28
19	15	1	12	2	63	122	234	6	3
19	17	2	3	1	42	51	142	4	0
19	19	0	0	1	7	17	106	8	1
19	21	0	3	0	58	90	217	13	5
19	23	0	0	0	0	9	4	3	0
19	25	0	0	0	3	6	11	1	0
19	27	0	1	1	6	24	99	7	0
19	29	0	1	0	23	83	115	10	3
19	31	0	2	0	18	5	156	9	2
19	33	2	8	3	37	433	1200	65	6
19	35	0	2	0	20	28	74	5	1
19	37	1	1	0	6	28	45	3	0
19	39	0	1	0	9	34	105	8	1
19	41	1	1	0	4	106	156	12	0
19	43	0	1	0	13	18	37	3	2
19	45	0	17	21	185	356	1025	65	11
19	47	0	0	0	7	10	37	3	0
19	49	1	7	3	97	193	841	43	6
19	51	0	0	0	6	8	10	1	0
19	53	0	0	0	1	0	2	0	0
19	55	2	2	1	23	26	76	5	1
19	57	3	5	20	177	339	1060	62	14
19	59	0	0	0	7	29	122	3	0
19	61	2	23	23	107	748	1282	74	34
19	63	0	2	1	14	49	84	3	0
19	65	0	2	0	34	65	131	16	13
19	67	0	4	1	25	39	134	8	2
19	69	0	2	0	11	26	36	5	1
19	71	0	0	0	0	0	0	0	0
19	73	0	0	0	2	4	21	2	0
19	75	0	0	0	8	13	57	3	1
19	77	0	2	0	6	17	29	6	0
19	79	0	0	3	48	70	175	20	2
19	81	0	0	0	6	17	15	0	0
19	83	0	2	1	21	68	247	7	2
19	85	0	0	0	8	33	115	15	1
19	87	0	5	0	42	68	228	19	5
19	89	0	1	0	2	38	50	5	3
19	91	0	0	1	2	25	49	11	0
19	93	0	2	0	7	39	50	1	1
19	95	0	1	1	22	40	122	11	1
19	97	0	9	1	21	111	167	12	2
19	99	1	2	1	55	198	520	40	6
19	101	1	1	1	12	76	187	32	0
19	103	2	43	48	245	580	2232	92	12
19	105	0	0	0	7	39	85	6	0
19	107	0	0	0	5	7	7	0	2
19	109	0	1	0	12	53	57	4	0
19	111	0	9	5	166	254	678	78	15
19	113	4	63	101	258	1288	4262	305	43
19	115	0	0	0	16	35	55	3	1
19	117	0	3	1	25	59	146	25	4
19	119	0	3	0	25	22	53	11	0
19	121	0	1	0	5	45	85	5	0
19	123	0	4	1	39	121	218	11	4
19	125	0	9	0	40	73	134	10	2
19	127	1	1	6	142	319	634	45	11
19	129	0	6	5	32	143	185	38	4
19	131	0	1	0	3	27	65	2	1
19	133	0	3	2	9	24	87	8	1
19	135	0	1	0	14	33	97	5	1
19	137	0	3	0	9	57	104	6	1
19	139	0	40	7	154	259	728	41	12
19	141	0	0	0	10	55	70	6	1
19	143	0	0	0	0	3	7	2	0
19	145	0	3	2	36	99	242	21	2
19	147	0	1	0	15	53	39	7	2
19	149	2	3	0	8	52	173	13	4
19	151	0	4	0	8	23	50	1	0
19	153	8	147	280	978	3410	10775	988	79
19	155	1	79	83	647	1166	3283	567	55
19	157	0	6	2	34	74	144	18	6
19	159	0	0	0	3	3	7	0	0
19	161	0	3	2	6	25	32	9	0
19	163	4	50	156	546	1059	3489	313	21
19	165	0	0	0	1	1	1	2	0
19	167	0	3	1	31	61	103	5	1
19	169	0	46	8	78	449	1539	49	11
19	171	0	2	0	55	45	63	9	17
19	173	0	0	0	1	4	15	0	0
19	175	0	0	0	19	43	100	7	0
19	177	0	0	0	15	23	32	6	1
19	179	2	8	17	54	327	723	56	20
19	181	0	21	0	112	226	383	41	19
19	183	0	13	1	65	61	103	9	1
19	185	0	0	0	1	6	10	0	0
19	187	0	24	16	117	241	1030	71	10
19	189	0	1	1	6	13	32	1	1
19	191	0	3	0	3	9	90	1	0
19	193	3	36	46	227	709	2830	222	20
19	195	0	1	0	8	45	59	9	1
19	197	0	4	1	20	37	111	6	1
20	1	0	6	1	25	61	324	11	4
20	3	0	0	0	17	73	122	10	3
20	5	0	2	6	52	112	343	22	6
20	7	0	1	0	13	15	68	13	2
20	9	0	11	8	98	237	721	49	6
20	11	0	8	1	59	136	316	28	6
20	13	1	5	0	11	43	150	9	2
20	15	0	22	6	122	394	1273	98	9
20	17	0	0	0	7	40	8	1	1
20	19	0	0	0	4	19	29	2	1
20	21	2	5	2	48	242	374	37	14
20	23	0	0	0	3	4	31	1	0
20	25	0	0	0	3	13	18	1	0
20	27	0	3	0	14	46	99	8	3
20	29	0	9	0	36	88	202	10	7
20	31	0	0	0	17	20	68	4	0
20	33	0	0	0	4	2	7	0	0
20	35	0	18	4	132	259	820	63	8
20	37	1	24	10	96	371	1334	73	19
20	39	0	1	0	6	22	25	1	0
20	41	0	4	1	24	158	304	22	1
20	43	0	2	0	23	46	56	13	2
20	45	0	60	57	309	745	3625	219	39
20	47	0	0	0	1	12	19	0	0
20	49	0	0	0	0	5	25	4	1
20	51	0	7	8	104	114	638	46	5
20	53	0	4	0	9	32	64	2	0
20	55	0	20	12	123	150	832	28	15
20	57	2	24	16	91	300	864	42	9
20	59	0	14	5	52	153	388	25	10
20	61	1	12	13	160	166	510	32	7
20	63	1	0	0	2	8	11	1	0
20	65	0	3	0	3	6	23	3	0
20	67	0	0	1	22	41	63	8	2
20	69	0	1	0	5	26	24	3	0
20	71	0	1	0	0	1	3	0	0
20	73	1	1	0	8	31	41	1	0
20	75	0	4	0	1	3	16	0	0
20	77	0	1	0	9	21	86	8	2
20	79	0	17	5	114	236	658	37	3
20	81	0	0	0	10	14	39	5	0
20	83	0	1	0	1	18	6	0	0
20	85	0	1	0	19	64	156	13	1
20	87	0	3	0	40	118	302	40	4
20	89	0	0	0	0	0	0	0	0
20	91	8	130	126	582	1534	8912	964	87
20	93	0	2	0	10	17	44	2	0
20	95	0	2	1	14	45	70	7	1
20	97	0	0	0	1	15	15	4	0
20	99	0	6	5	59	178	416	28	9
20	101	1	0	0	3	3	7	4	1
20	103	0	24	34	289	464	1142	115	34
20	105	0	0	0	0	12	26	3	0
20	107	0	4	0	21	58	81	17	5
20	109	0	0	0	9	8	15	1	0
20	111	0	24	7	40	151	757	31	13
20	113	1	8	2	33	313	421	26	4
20	115	0	0	0	5	35	56	8	0
20	117	0	1	0	13	44	104	10	1
20	119	0	1	0	34	5	23	0	0
20	121	0	20	0	45	154	489	37	14
20	123	0	3	0	16	15	45	3	1
20	125	1	17	17	176	303	858	48	20
20	127	0	1	0	6	55	56	4	0
20	129	0	1	0	6	7	29	2	0
20	131	0	1	0	12	23	59	10	0
20	133	0	8	5	26	270	325	16	6
20	135	0	1	0	5	5	18	5	0
20	137	0	2	0	3	16	53	3	0
20	139	0	2	0	38	88	177	13	4
20	141	0	1	0	4	23	64	5	0
20	143	0	1	1	2	22	77	7	1
20	145	0	5	0	17	48	94	6	1
20	147	0	0	0	10	7	17	1	0
20	149	0	5	1	49	88	241	19	15
20	151	0	3	1	32	64	205	19	2
20	153	0	1	1	2	8	22	4	0
20	155	2	28	26	242	637	2141	159	41
20	157	0	0	0	5	11	36	6	0
20	159	0	1	1	9	45	55	4	3
20	161	1	28	24	128	249	1212	44	15
20	163	1	1	0	2	10	21	6	0
20	165	0	1	0	5	26	28	3	0
20	167	0	1	0	22	40	87	13	1
20	169	2	25	26	136	493	1900	119	25
20	171	0	3	0	12	16	60	5	0
20	173	24	273	513	2301	4575	17136	1967	160
20	175	0	13	7	58	163	423	21	0
20	177	19	46	244	564	1585	5706	662	68
20	179	0	4	0	1	12	14	0	0
20	181	0	1	1	12	26	83	8	4
20	183	0	0	1	0	2	4	0	0
20	185	0	1	0	7	27	37	5	1
20	187	0	0	0	1	1	1	0	0
20	189	0	0	0	2	1	11	1	0
20	191	0	8	3	49	172	453	24	3
20	193	0	6	2	10	34	128	13	0
20	195	0	2	0	1	8	27	3	1
20	197	0	1	0	9	13	34	12	9
20	199	0	2	0	0	0	2	0	0
20	201	0	1	0	1	3	5	1	0
20	203	0	0	0	5	7	23	0	0
20	205	0	2	1	15	65	159	9	2
20	207	0	1	0	7	25	39	0	1
20	209	16	90	286	554	1834	5085	1256	80
20	777	0	1	1	3	16	57	5	0
21	1	0	3	5	10	47	49	6	1
21	3	0	3	3	3	75	77	12	1
21	5	0	3	3	6	57	97	13	1
21	7	0	2	0	8	47	111	8	3
21	9	1	18	6	26	159	366	31	4
21	11	0	0	0	1	5	17	0	0
21	13	0	5	22	13	167	787	41	4
21	15	3	47	64	60	627	2453	177	17
21	17	1	5	5	12	137	280	25	3
21	19	1	10	33	37	374	1167	63	6
21	21	2	9	27	27	192	492	21	4
21	23	0	2	0	2	59	88	4	1
21	25	0	0	1	1	22	33	2	0
21	27	0	6	1	6	37	26	9	2
21	29	1	20	24	45	531	831	82	8
21	31	0	2	2	6	44	62	9	1
21	33	0	5	3	13	113	136	18	3
21	35	3	7	11	27	327	704	44	6
21	37	3	40	73	54	743	2284	143	22
21	39	0	0	0	1	20	28	2	0
21	41	1	3	0	7	56	101	12	3
21	43	0	2	3	8	78	105	13	1
21	45	0	1	3	4	56	46	4	1
21	47	6	32	67	87	670	1408	104	14
21	49	4	14	20	30	316	917	56	6
21	51	0	2	3	15	44	88	13	5
21	53	0	1	0	1	8	10	6	0
21	55	0	1	1	3	27	73	5	0
21	57	0	1	1	2	32	14	4	0
21	59	1	44	50	72	669	2369	156	19
21	61	0	2	1	7	60	28	4	0
21	63	0	1	0	2	8	6	1	0
21	65	0	1	1	1	42	47	12	0
21	67	16	131	618	377	3087	10620	972	72
21	69	0	1	0	3	31	56	7	3
21	71	1	3	4	8	61	135	16	1
21	73	3	22	68	74	469	1224	86	9
21	75	0	2	4	2	36	104	4	1
21	77	0	1	1	7	60	43	10	2
21	79	0	1	1	7	69	82	6	3
21	81	0	2	4	7	95	160	16	1
21	83	6	10	7	29	215	242	40	2
21	85	0	10	1	13	141	198	23	3
21	87	0	3	0	4	20	47	5	0
21	89	0	4	4	8	104	154	13	3
21	91	0	1	0	2	11	18	2	0
21	93	2	36	43	43	415	1579	70	18
21	95	0	5	3	15	77	152	8	2
21	97	0	4	9	13	161	401	27	2
21	99	0	2	0	6	28	28	6	1
21	101	1	23	39	33	231	771	60	3
21	103	0	1	0	2	24	47	2	0
21	105	0	0	0	2	11	17	4	0
21	107	2	22	13	29	269	642	58	6
21	109	0	1	0	1	29	28	7	0
21	111	78	266	1557	2465	8103	21941	2430	250
21	113	2	19	30	31	536	1195	49	5
21	115	2	3	4	7	77	125	15	1
21	117	3	59	153	109	1110	2879	255	29
21	119	0	1	0	1	19	32	7	0
21	121	0	5	8	11	217	160	28	4
21	123	0	1	1	4	37	29	9	0
21	125	3	9	20	21	329	579	71	2
21	127	0	1	0	6	56	70	12	1
21	129	0	2	1	2	17	37	4	0
21	131	0	1	0	1	6	6	4	0
21	133	1	3	1	4	62	60	7	1
21	135	0	2	0	3	43	36	3	1
21	137	1	2	4	5	55	101	19	1
21	139	0	4	0	4	34	54	12	1
21	141	1	7	8	22	156	283	19	7
21	143	0	1	0	2	18	67	3	0
21	145	4	34	50	43	360	1460	79	9
21	147	0	3	7	3	65	42	9	3
21	149	0	1	0	3	21	19	2	0
21	151	1	23	60	55	833	2063	114	12
21	153	1	1	0	3	20	19	3	0
21	155	0	7	1	11	99	143	19	1
21	157	0	11	5	22	180	288	33	3
21	159	0	1	2	10	40	56	20	0
21	161	0	6	5	14	139	395	16	3
21	163	0	3	4	12	111	98	16	1
21	165	0	1	0	1	11	25	5	0
21	167	0	4	7	10	118	130	24	2
21	169	0	1	0	1	32	37	7	0
21	171	0	1	0	3	8	8	1	0
21	173	0	6	19	22	363	620	45	3
21	175	0	0	0	2	8	24	4	0
21	177	0	5	1	9	53	125	22	3
21	179	1	14	13	22	249	432	46	4
21	181	0	1	1	3	24	21	6	0
21	183	3	7	1	21	132	136	26	7
21	185	1	8	6	16	235	392	26	7
21	187	0	1	0	1	57	38	4	0
21	189	0	0	0	0	8	21	2	0
21	191	0	2	3	8	81	117	12	0
21	193	0	5	8	15	92	280	11	3
21	195	2	7	5	11	101	472	19	4
21	197	0	1	1	4	85	84	8	0
21	199	3	20	21	33	500	958	53	10
21	201	0	0	0	0	0	0	0	0
21	203	0	1	2	2	93	55	7	2
21	205	0	6	4	5	66	228	10	1
21	207	0	2	3	5	49	96	12	1
21	209	1	26	33	127	352	1001	71	4
21	211	2	8	20	28	320	523	42	5
21	213	1	11	12	14	149	312	20	2
21	215	0	4	2	4	53	87	7	1
21	217	3	8	18	20	209	341	16	5
21	219	0	2	3	6	71	64	13	0
21	221	0	4	2	12	55	144	8	0
21	223	0	1	0	3	6	10	1	0
21	225	0	4	0	8	47	79	6	3
21	227	6	51	81	98	838	2824	202	11
21	229	0	1	1	3	39	21	6	1
21	231	1	2	5	7	83	131	11	1
21	233	0	1	0	3	23	25	3	0
21	235	2	7	10	23	231	303	28	7
21	237	0	1	0	1	20	19	3	0
21	239	0	12	7	16	186	524	32	6
22	1	4	4	20	74	162	401	54	0
22	3	0	1	2	21	57	223	6	0
22	5	0	23	53	1	733	2723	40	2
22	7	2	13	7	65	96	290	21	3
22	9	2	31	17	271	378	787	35	3
22	11	0	3	2	61	43	147	0	0
22	13	0	4	5	45	60	118	10	0
22	15	3	21	60	194	519	2575	78	4
22	17	17	98	436	1016	2642	7558	479	79
22	19	12	118	241	614	3762	4802	231	16
22	21	0	0	1	23	86	175	8	3
22	23	0	1	0	1	26	90	0	0
22	25	3	1	9	32	46	103	4	0
22	27	0	9	6	60	131	219	32	3
22	29	2	4	5	107	142	304	18	0
22	31	3	4	17	368	149	494	60	0
22	33	84	77	1297	1512	5806	15182	671	213
22	35	3	0	3	36	57	68	0	0
22	37	1	0	0	3	13	29	4	0
22	39	0	4	5	5	96	384	1	0
22	41	0	3	0	47	39	111	14	0
22	43	0	1	0	11	77	176	6	1
22	45	0	14	69	9	583	1257	15	1
22	47	5	9	26	285	266	928	26	0
22	49	0	0	0	0	0	0	0	0
22	51	37	85	501	1291	3124	11741	997	98
22	53	0	7	11	27	97	507	36	1
22	55	17	37	267	960	2110	6959	396	46
22	57	4	2	31	143	700	1685	77	2
22	59	0	1	0	61	24	89	11	0
22	61	3	12	29	110	378	889	23	0
22	63	1	12	60	437	938	2678	126	0
22	65	0	0	2	50	99	389	1	0
22	67	0	3	34	136	315	842	50	6
22	69	4	7	24	188	518	1223	50	4
22	71	193	137	1066	1566	3431	8258	2218	0
22	73	11	29	175	507	2149	5208	184	8
22	75	0	2	3	34	124	312	4	0
22	77	0	3	4	101	111	187	21	0
22	79	9	43	169	806	1747	4207	249	4
22	81	0	0	2	64	23	116	12	0
22	83	0	2	3	58	75	369	14	1
22	85	0	3	6	69	73	472	4	0
22	87	0	7	33	54	133	499	35	5
22	89	2	8	32	223	409	1118	78	18
22	91	0	1	2	51	87	140	20	0
22	93	1	6	9	110	128	401	16	0
22	95	8	3	26	24	423	812	73	1
22	97	7	28	69	356	823	1641	84	3
22	99	3	6	16	162	185	823	13	0
22	101	1	19	41	240	412	1329	73	3
22	103	9	36	39	364	1003	3879	227	14
22	105	11	64	185	935	2683	4262	218	1
22	107	0	0	0	2	7	16	1	0
22	109	5	26	100	300	764	3386	243	8
22	111	0	1	2	62	86	208	6	0
22	113	7	18	32	170	458	918	47	0
22	115	1	14	5	97	63	868	77	9
22	117	6	22	36	166	552	1075	76	2
22	119	1	11	13	109	153	351	32	1
22	121	4	2	7	67	72	565	34	1
22	123	0	0	0	65	49	285	10	3
22	125	0	7	2	15	38	154	0	1
22	127	1	0	8	41	102	174	17	0
22	777	0	1	1	19	11	379	4	1
23	1	0	44	63	45	767	2407	99	22
23	3	1	16	9	33	271	915	37	6
23	5	1	70	137	171	1332	5831	218	47
23	7	0	15	4	20	151	507	22	2
23	9	3	4	6	29	256	771	29	2
23	11	3	56	44	101	849	2654	106	27
23	13	1	4	6	19	136	641	35	4
23	15	1	6	4	30	180	370	11	7
23	17	0	36	7	22	435	1033	43	16
23	19	8	19	61	51	912	3573	138	20
23	21	0	2	2	32	113	187	9	2
23	23	0	6	6	8	142	613	15	5
23	25	1	26	14	24	406	1162	44	17
23	27	1	4	2	14	231	444	27	6
23	29	0	3	1	39	245	334	21	5
23	31	6	61	54	165	1025	3405	135	39
23	777	0	0	0	5	25	83	2	13
24	1	3	22	42	201	571	1907	67	13
24	3	13	100	538	1806	2588	11324	888	65
24	5	24	147	1368	2642	4083	18013	1572	257
24	9	2	8	22	83	400	1259	45	12
24	11	3	11	21	80	336	572	40	10
24	13	3	19	47	237	690	1953	84	18
24	15	2	38	119	390	870	2362	138	45
24	17	6	32	154	383	615	2549	186	30
24	19	1	15	36	114	296	784	49	11
24	21	1	50	131	438	676	3115	198	30
24	23	1	1	5	62	164	352	25	3
24	25	3	54	156	483	1020	2817	206	41
24	27	5	34	178	363	1186	4934	313	64
24	29	0	7	21	57	113	235	10	1
24	31	14	106	878	880	2690	13679	1073	239
24	33	63	173	2450	2260	6050	20025	5092	159
24	35	1	2	8	82	169	625	29	7
24	37	0	12	51	194	753	1943	87	16
24	39	3	9	9	60	147	338	9	4
24	41	0	13	18	58	243	611	18	6
24	43	3	21	104	259	810	2044	214	43
24	45	5	30	148	371	764	2494	109	33
24	47	1	16	31	138	432	1750	33	9
24	510	216	317	3638	4660	7804	18055	4009	251
25	1	1	63	79	763	2223	3459	156	36
25	3	0	67	55	311	891	1885	93	16
25	5	6	186	692	1965	3653	8599	876	105
25	7	0	0	3	30	67	326	25	2
25	9	8	146	561	2138	2930	9992	1459	36
25	11	1	19	26	180	484	734	28	7
25	13	11	151	788	1776	4570	9836	1231	115
25	15	2	71	33	281	647	2432	81	22
25	17	8	242	757	2275	5181	18865	1376	91
25	19	0	3	2	46	51	301	13	1
25	21	4	94	280	895	2155	7010	464	39
25	23	7	94	307	1424	2429	6462	408	65
25	25	60	310	2257	3653	3956	16223	1998	11
25	27	14	177	631	2665	4731	11446	877	67
25	777	0	0	0	0	1	1	1	0
26	1	0	3	0	11	73	132	2	0
26	3	1	1	1	12	32	62	4	1
26	5	1	58	9	158	501	1373	55	7
26	7	1	12	1	39	125	429	7	5
26	9	0	14	0	22	95	279	28	1
26	11	0	7	2	15	74	149	14	4
26	13	0	0	0	14	16	29	1	0
26	15	0	26	2	64	172	533	29	5
26	17	1	69	41	212	453	1573	89	15
26	19	1	0	0	12	40	129	1	1
26	21	3	97	111	460	1188	3255	186	33
26	23	1	37	2	49	194	515	15	9
26	25	11	83	112	606	1405	2782	170	41
26	27	3	23	2	43	350	539	33	7
26	29	0	25	0	13	60	314	9	2
26	31	0	15	1	12	105	382	9	1
26	33	1	17	1	91	126	462	27	5
26	35	1	25	1	39	159	340	18	3
26	37	1	18	16	64	240	598	58	13
26	39	0	11	1	28	84	136	8	2
26	41	0	23	7	67	145	900	32	3
26	43	0	8	0	2	12	51	3	1
26	45	1	44	36	109	411	1495	63	18
26	47	0	21	0	21	78	414	10	1
26	49	69	242	980	2542	6105	8311	936	313
26	51	1	17	1	38	158	246	15	5
26	53	1	4	0	12	32	239	5	4
26	55	0	64	9	84	227	859	43	5
26	57	0	25	1	33	121	489	14	5
26	59	0	18	2	68	180	471	15	6
26	61	0	11	1	12	76	403	10	2
26	63	0	15	0	25	120	378	13	1
26	65	13	162	237	958	1971	4891	428	112
26	67	1	32	2	50	235	703	47	9
26	69	0	19	3	31	202	366	14	14
26	71	0	6	0	12	65	119	22	0
26	73	2	49	3	97	309	1057	38	5
26	75	7	67	71	362	723	2280	159	44
26	77	13	149	223	580	1635	5447	320	61
26	79	0	28	1	15	161	308	17	2
26	81	22	214	639	1585	3878	10346	613	129
26	83	0	2	0	2	10	22	2	1
26	85	0	11	0	22	140	130	3	2
26	87	0	44	6	90	273	836	44	5
26	89	0	2	0	3	22	83	2	0
26	91	4	46	22	132	335	1148	68	13
26	93	1	48	14	100	428	1557	111	11
26	95	0	2	1	15	24	45	2	0
26	97	0	7	0	20	54	401	7	0
26	99	4	312	438	1731	3591	12722	1931	128
26	101	1	16	4	37	100	250	10	2
26	103	2	38	2	69	188	1173	45	6
26	105	2	33	1	43	147	744	29	7
26	107	0	20	0	226	181	691	27	4
26	109	0	14	2	27	158	379	12	1
26	111	2	47	7	46	208	722	15	6
26	113	2	5	0	10	67	190	8	1
26	115	5	67	93	234	1044	2599	231	35
26	117	1	38	7	71	339	925	40	10
26	119	0	2	0	5	36	9	0	0
26	121	4	119	192	590	1800	5164	305	61
26	123	3	46	2	68	268	684	41	6
26	125	33	241	610	1658	4787	15514	1822	175
26	127	3	16	3	18	149	361	14	1
26	129	0	15	3	35	148	273	21	6
26	131	0	4	0	6	22	38	3	1
26	133	0	9	4	43	101	297	18	3
26	135	1	1	0	12	86	143	10	0
26	137	0	20	2	25	87	334	20	2
26	139	2	160	38	268	1169	3857	104	35
26	141	0	1	0	11	48	72	3	1
26	143	0	16	2	28	130	389	16	3
26	145	29	126	242	1232	1751	2707	223	56
26	147	3	51	56	306	791	2382	137	30
26	149	0	61	7	122	256	853	52	7
26	151	1	32	3	58	178	392	23	6
26	153	0	15	1	19	71	143	4	3
26	155	2	46	11	98	297	908	35	10
26	157	0	21	2	67	227	558	33	3
26	159	0	50	13	150	418	1127	88	14
26	161	6	159	188	690	2339	5739	441	85
26	163	433	803	5879	11795	19882	34706	15251	766
26	165	0	29	7	49	139	590	12	3
26	777	3	29	2	126	150	719	44	1
27	1	0	8	2	12	181	246	29	0
27	3	1	112	88	267	1265	7687	358	34
27	5	0	8	1	18	49	232	33	0
27	7	1	30	13	66	236	1496	45	12
27	9	0	23	8	25	121	454	30	3
27	11	0	0	0	0	13	38	3	0
27	13	0	26	29	104	410	1679	73	11
27	15	0	2	0	4	68	181	4	0
27	17	1	15	3	28	132	724	29	7
27	19	1	21	7	31	162	901	25	7
27	21	3	84	1	18	216	785	58	2
27	23	1	1	0	17	12	125	2	2
27	25	1	4	3	35	91	469	46	13
27	27	0	22	5	55	191	916	38	18
27	29	0	6	1	0	43	47	7	0
27	31	0	0	0	2	17	152	4	0
27	33	0	4	0	5	45	93	5	2
27	35	1	30	4	66	313	1418	45	4
27	37	2	71	91	316	1293	7451	483	39
27	39	0	5	2	32	52	211	12	0
27	41	1	5	3	25	116	381	29	3
27	43	1	6	0	9	55	113	7	1
27	45	0	3	1	7	42	72	7	1
27	47	0	3	1	32	86	531	23	6
27	49	0	13	6	47	203	823	67	5
27	51	0	4	0	2	37	52	7	0
27	53	49	586	2083	2198	7820	29171	2592	221
27	55	0	0	0	16	35	92	9	0
27	57	0	8	0	11	117	318	22	1
27	59	0	9	0	10	90	472	29	0
27	61	0	62	1	44	107	716	18	0
27	63	0	0	1	5	14	84	3	0
27	65	0	3	1	36	104	226	27	3
27	67	0	24	8	41	156	742	39	5
27	69	0	1	0	1	6	15	1	0
27	71	0	7	0	18	71	198	19	0
27	73	0	1	0	1	13	40	3	0
27	75	0	0	0	5	20	35	3	0
27	77	0	1	0	1	7	8	0	1
27	79	0	1	2	9	57	228	13	0
27	81	0	0	0	6	4	16	0	0
27	83	0	14	0	28	138	290	12	4
27	85	1	23	1	29	97	577	25	5
27	87	0	3	0	14	36	74	4	0
27	89	0	2	0	1	3	7	1	0
27	91	0	6	1	13	49	255	11	1
27	93	0	14	1	12	87	294	23	0
27	95	0	17	11	48	195	592	53	3
27	97	2	7	0	15	48	317	21	0
27	99	0	22	11	58	229	639	41	1
27	101	0	2	0	4	20	22	2	0
27	103	0	12	4	15	79	475	17	1
27	105	0	2	3	20	56	159	14	1
27	107	0	0	0	0	0	0	0	0
27	109	3	74	55	120	644	2344	119	19
27	111	1	15	3	39	252	627	45	5
27	113	1	12	1	7	42	238	13	2
27	115	0	11	2	46	198	774	77	1
27	117	0	0	0	2	17	48	1	0
27	119	1	32	3	46	129	429	26	12
27	121	0	2	0	6	28	58	1	1
27	123	15	233	730	1458	4257	12857	2442	175
27	125	0	0	0	0	0	2	0	0
27	127	0	9	1	20	44	169	8	2
27	129	0	2	0	4	31	85	4	1
27	131	0	17	18	53	248	1029	41	21
27	133	0	0	0	85	9	52	3	0
27	135	1	4	0	7	9	116	3	0
27	137	2	64	106	317	1078	4695	276	72
27	139	0	37	16	97	302	2144	66	12
27	141	0	23	10	65	228	1212	55	4
27	143	0	0	0	0	0	0	0	0
27	145	6	87	58	164	442	3004	110	13
27	147	0	7	1	26	118	586	26	5
27	149	0	5	1	5	20	156	1	1
27	151	0	7	0	12	40	103	11	0
27	153	0	10	1	25	89	250	14	1
27	155	0	1	0	2	8	26	3	1
27	157	0	2	1	6	39	146	9	2
27	159	0	7	0	8	32	68	6	0
27	161	0	6	3	13	80	219	10	1
27	163	2	39	25	101	926	4657	277	36
27	165	0	3	0	9	24	116	7	2
27	167	0	2	2	4	30	81	2	0
27	169	0	6	8	28	123	553	40	6
27	171	0	12	8	61	233	2016	82	10
27	173	0	0	0	7	11	31	2	1
27	777	1	19	15	424	402	1179	164	121
28	1	4	11	30	34	328	879	10	12
28	3	0	0	0	0	0	0	0	0
28	5	1	0	1	5	1	1	1	0
28	7	1	0	4	13	57	80	0	0
28	9	0	0	0	0	0	0	0	0
28	11	0	4	30	19	141	712	25	2
28	13	0	0	0	0	0	0	0	0
28	15	0	0	0	0	0	0	0	0
28	17	1	2	4	13	30	29	1	0
28	19	0	2	0	10	20	43	3	0
28	21	2	5	5	15	136	90	21	4
28	23	0	0	0	0	0	0	0	0
28	25	4	8	8	48	147	265	3	0
28	27	0	2	5	17	731	192	5	0
28	29	1	0	1	14	50	66	6	2
28	31	0	0	0	0	33	15	3	0
28	33	2	43	57	152	932	2498	141	11
28	35	4	17	67	41	486	2087	101	5
28	37	1	1	3	15	49	7	7	0
28	39	2	1	1	8	41	106	4	0
28	41	0	0	0	3	10	11	6	0
28	43	7	5	21	61	278	367	24	0
28	45	4	4	11	7	77	290	17	3
28	47	10	62	170	156	2176	5266	350	34
28	49	66	143	846	712	4627	7416	1272	69
28	51	1	0	0	11	15	5	2	0
28	53	0	0	0	3	0	11	0	0
28	55	0	0	0	0	0	0	0	0
28	57	1	2	2	26	76	221	14	0
28	59	5	74	103	235	1406	3153	323	19
28	61	0	0	0	1	3	6	2	0
28	63	0	1	0	21	12	30	0	1
28	65	5	2	3	68	206	48	17	0
28	67	1	25	42	89	678	1107	26	3
28	69	0	1	0	3	28	13	4	0
28	71	0	2	5	6	81	394	14	0
28	73	1	6	11	14	461	544	24	1
28	75	12	42	134	87	1064	1468	219	11
28	77	0	0	0	0	0	0	0	0
28	79	0	0	3	9	17	30	1	0
28	81	0	3	7	44	299	464	31	20
28	83	2	24	46	137	601	906	34	3
28	85	2	5	8	21	154	395	15	8
28	87	1	7	19	125	600	1001	52	4
28	89	3	7	19	64	239	1067	56	1
28	91	1	9	12	28	255	307	21	5
28	93	1	2	23	71	109	220	14	0
28	95	0	1	11	15	140	331	9	0
28	97	0	0	0	10	8	24	2	0
28	99	0	4	11	37	144	164	11	0
28	101	0	0	0	0	4	0	1	0
28	103	0	0	0	0	6	90	0	0
28	105	6	7	17	50	344	1094	38	4
28	107	5	5	6	116	627	1005	29	0
28	109	0	3	9	17	141	346	23	4
28	111	0	0	1	1	7	17	1	0
28	113	2	4	28	63	356	699	41	0
28	115	1	3	4	35	181	224	25	4
28	117	0	0	0	0	3	57	0	0
28	119	0	0	0	0	0	0	0	0
28	121	3	22	14	83	538	1407	79	11
28	123	1	4	17	62	153	174	27	7
28	125	0	0	0	0	0	0	0	0
28	127	0	1	5	35	133	196	23	2
28	129	0	0	0	0	0	0	0	0
28	131	0	3	0	11	45	74	1	0
28	133	2	5	28	69	275	552	4	0
28	135	0	0	10	1	27	43	0	0
28	137	1	5	16	73	153	319	25	2
28	139	0	0	1	11	53	46	5	0
28	141	1	4	1	7	48	55	7	1
28	143	4	10	13	9	77	379	48	1
28	145	0	0	2	4	90	164	14	4
28	147	1	2	2	16	83	103	11	2
28	149	2	26	31	130	368	1210	80	5
28	151	11	24	54	62	1242	1693	142	85
28	153	0	0	0	0	0	0	0	0
28	155	0	0	1	5	13	21	1	0
28	157	0	0	0	0	0	0	0	0
28	159	1	3	4	14	37	70	3	1
28	161	0	0	0	0	0	0	0	0
28	163	1	7	16	54	252	239	23	0
28	777	1	12	8	90	150	40	105	10
29	1	0	1	2	52	115	572	15	4
29	3	1	2	0	11	43	102	10	0
29	5	0	1	0	8	15	33	1	1
29	7	0	6	4	35	105	370	9	5
29	9	0	7	7	86	363	940	67	10
29	11	1	7	0	19	84	191	17	5
29	13	0	0	1	50	115	336	40	3
29	15	1	13	4	66	191	314	19	1
29	17	1	1	0	15	42	81	2	0
29	19	3	46	180	394	1023	4327	200	24
29	21	1	22	93	227	1065	3573	384	29
29	23	1	18	35	185	446	1524	79	10
29	25	0	1	0	31	72	108	6	0
29	27	1	4	12	99	318	941	50	3
29	29	0	4	2	85	173	750	33	0
29	31	3	15	68	194	691	2528	105	22
29	33	2	2	0	11	25	88	8	2
29	35	0	1	0	6	11	27	5	1
29	37	1	23	21	144	346	1735	104	11
29	39	0	5	4	47	99	227	7	2
29	41	0	1	0	23	28	50	3	3
29	43	0	8	9	123	312	999	75	1
29	45	0	0	0	9	16	19	6	0
29	47	8	30	32	173	526	2000	268	25
29	49	1	4	2	64	108	321	20	7
29	51	2	16	41	260	332	1529	61	10
29	53	1	1	2	30	109	324	16	1
29	55	3	6	1	39	150	324	21	0
29	57	0	0	0	12	42	19	7	3
29	59	0	7	0	22	118	254	13	0
29	61	0	0	0	6	39	48	9	1
29	63	0	0	0	7	25	45	11	0
29	65	0	6	1	26	67	212	15	0
29	67	0	1	1	22	59	151	11	5
29	69	0	17	11	97	325	893	63	16
29	71	3	11	21	156	445	2032	111	4
29	73	0	0	1	21	74	187	18	3
29	75	0	0	0	0	17	25	4	0
29	77	17	163	362	1219	2863	13016	1238	86
29	79	1	1	0	13	69	164	12	1
29	81	2	0	0	8	23	73	11	1
29	83	0	4	3	80	227	523	46	3
29	85	0	1	0	0	55	77	5	0
29	87	0	0	0	6	37	56	5	0
29	89	0	2	0	11	16	43	4	2
29	91	1	6	4	119	312	1074	65	4
29	93	1	1	3	42	47	56	10	2
29	95	116	358	1913	4594	9695	25994	4953	318
29	97	3	46	71	365	1054	4147	368	39
29	99	6	35	32	374	653	3431	268	28
29	101	2	7	9	59	280	1033	71	6
29	103	0	0	0	2	15	24	0	2
29	105	1	6	5	143	158	784	42	4
29	107	2	4	2	26	173	452	45	2
29	109	1	7	6	157	330	825	87	3
29	111	0	1	1	4	35	80	11	1
29	113	0	1	7	83	172	552	36	4
29	115	1	2	1	26	101	148	11	0
29	117	0	3	2	13	87	252	18	3
29	119	1	4	4	143	110	266	25	6
29	121	0	1	0	39	111	233	12	1
29	123	0	1	1	11	30	180	12	1
29	125	0	2	1	19	44	78	6	1
29	127	1	5	10	55	200	1113	53	1
29	129	0	0	0	1	7	12	1	0
29	131	0	4	1	36	190	414	16	3
29	133	2	4	6	87	128	286	13	8
29	135	0	3	6	15	63	134	12	1
29	137	0	2	0	7	24	59	7	1
29	139	0	2	1	15	51	129	8	0
29	141	3	0	1	104	154	248	25	0
29	143	2	1	3	34	27	130	11	5
29	145	3	27	15	104	455	1404	144	22
29	147	1	3	4	20	67	301	15	0
29	149	1	0	1	38	38	70	3	3
29	151	0	1	0	8	59	61	20	0
29	153	1	2	2	25	82	55	2	1
29	155	0	6	21	151	192	463	23	2
29	157	0	1	2	25	64	195	10	3
29	159	0	6	16	97	497	1389	86	9
29	161	1	13	11	94	223	1129	52	7
29	163	0	1	0	14	77	218	15	1
29	165	2	6	5	80	143	682	46	20
29	167	1	8	2	117	215	525	26	2
29	169	3	16	18	176	349	744	46	6
29	171	0	0	0	0	8	25	2	0
29	173	0	0	0	8	47	151	9	0
29	175	0	3	8	31	122	558	25	8
29	177	2	9	0	46	157	418	33	6
29	179	3	0	0	21	33	41	6	7
29	181	0	1	1	43	95	361	17	2
29	183	4	36	65	410	825	5761	184	42
29	185	0	0	1	24	83	142	11	0
29	186	1	3	1	56	38	180	13	1
29	187	1	13	8	155	306	1510	118	4
29	189	38	154	732	2114	5444	19368	1961	123
29	195	1	3	3	26	111	337	21	2
29	197	0	0	0	3	6	19	1	1
29	199	0	0	0	3	24	57	2	0
29	201	2	7	26	422	236	1002	39	8
29	203	0	2	0	30	28	91	12	0
29	205	0	4	0	6	12	23	4	0
29	207	1	3	5	50	174	443	42	7
29	209	1	5	1	125	160	396	37	5
29	211	0	1	0	7	29	45	8	0
29	213	0	10	26	243	351	1564	102	3
29	215	1	3	0	21	156	403	27	2
29	217	0	4	9	73	242	870	72	5
29	219	0	5	4	85	170	619	29	5
29	221	1	2	2	39	142	396	44	6
29	223	0	1	0	13	51	75	9	1
29	225	4	1	3	57	227	467	51	12
29	227	0	1	0	1	15	22	3	0
29	229	1	2	1	45	102	275	15	4
29	510	119	200	1778	3609	4995	13791	3543	464
30	1	0	0	1	6	12	57	5	4
30	3	0	6	1	21	4	89	14	0
30	5	0	1	0	18	3	22	2	0
30	7	0	2	0	14	3	40	1	2
30	9	0	7	0	23	24	90	9	2
30	11	0	0	0	0	1	1	0	0
30	13	1	16	28	150	391	2569	157	17
30	15	0	0	0	6	1	18	3	0
30	17	0	3	0	22	18	203	16	2
30	19	0	0	0	2	0	5	0	0
30	21	1	1	0	18	48	228	17	3
30	23	1	5	0	21	13	163	8	0
30	25	0	0	0	0	3	22	0	0
30	27	0	4	0	25	17	111	11	2
30	29	1	35	13	202	429	1946	108	9
30	31	1	55	10	111	240	1877	86	41
30	33	0	0	0	0	1	0	0	0
30	35	1	2	0	47	39	120	10	0
30	37	0	0	0	2	2	1	0	0
30	39	0	0	0	0	3	47	2	0
30	41	0	17	1	69	40	519	36	11
30	43	0	0	0	13	13	79	6	5
30	45	0	1	0	2	0	1	3	0
30	47	1	12	1	101	134	522	69	5
30	49	3	39	15	134	205	1135	65	11
30	51	0	0	0	0	0	0	0	0
30	53	3	4	0	38	44	194	10	2
30	55	1	0	0	0	0	5	0	1
30	57	0	0	0	7	4	51	2	3
30	59	0	0	0	3	2	19	1	0
30	61	0	0	0	1	1	4	0	0
30	63	0	42	43	241	468	3028	147	18
30	65	0	6	0	11	11	74	6	1
30	67	0	5	1	33	23	162	18	5
30	69	0	0	0	0	0	0	0	0
30	71	0	0	0	7	3	68	6	0
30	73	0	0	0	8	1	38	3	0
30	75	0	0	0	0	0	0	0	0
30	77	1	2	0	12	6	52	2	0
30	79	0	0	0	2	0	4	2	0
30	81	1	7	1	73	63	522	28	6
30	83	0	1	2	29	50	153	26	1
30	85	0	6	1	36	51	207	12	2
30	87	0	1	1	7	6	35	6	0
30	89	2	1	0	12	16	108	11	2
30	91	0	3	0	15	7	54	6	0
30	93	0	3	6	80	197	978	105	4
30	95	0	4	1	25	54	62	6	1
30	97	0	1	0	3	6	36	9	0
30	99	1	1	0	3	6	45	3	0
30	101	0	0	0	0	14	75	10	1
30	103	0	0	0	0	0	0	0	0
30	105	0	4	0	8	9	47	10	0
30	107	0	0	0	4	1	2	1	1
30	109	0	0	0	0	2	1	0	0
30	111	3	40	73	328	975	4176	488	25
30	113	0	0	0	0	0	0	0	0
30	777	7	50	3	163	223	239	135	94
31	1	0	24	10	24	196	810	44	2
31	3	2	0	0	2	4	10	0	0
31	5	0	0	0	0	0	0	0	0
31	7	0	0	0	0	0	1	0	0
31	9	0	0	0	0	0	0	0	0
31	11	0	0	0	0	0	0	0	0
31	13	0	0	0	0	0	5	0	0
31	15	0	0	0	0	0	0	0	0
31	17	0	0	0	0	11	25	3	0
31	19	1	17	4	31	166	897	19	10
31	21	0	0	0	4	11	22	2	0
31	23	0	0	1	1	4	41	4	0
31	25	0	15	1	8	67	388	37	2
31	27	0	0	0	4	1	33	0	0
31	29	0	1	0	3	5	29	1	0
31	31	0	2	0	13	6	29	7	0
31	33	2	0	0	7	16	84	3	0
31	35	0	0	0	0	0	0	0	0
31	37	0	0	0	0	0	0	0	0
31	39	0	1	0	1	9	15	0	0
31	41	0	1	0	7	19	85	5	1
31	43	0	3	5	17	57	317	24	0
31	45	0	3	2	5	18	151	9	1
31	47	0	13	0	18	104	365	22	2
31	49	0	0	0	1	5	21	0	0
31	51	0	3	0	6	26	58	2	3
31	53	0	12	1	20	134	688	49	6
31	55	41	196	824	1536	3684	14152	2893	73
31	57	0	0	0	0	0	0	0	0
31	59	0	0	0	0	0	1	0	0
31	61	1	0	0	0	6	11	0	0
31	63	0	0	0	0	0	0	0	0
31	65	0	0	0	0	1	2	0	0
31	67	0	9	2	28	138	448	15	1
31	69	0	0	0	0	0	1	0	0
31	71	0	0	0	0	0	0	0	0
31	73	0	1	0	0	5	25	1	1
31	75	0	0	0	0	0	0	0	0
31	77	0	0	0	0	0	0	0	0
31	79	0	43	21	105	418	2037	90	17
31	81	0	1	0	7	65	68	2	1
31	83	0	0	0	0	0	0	0	0
31	85	0	0	0	0	0	0	0	0
31	87	0	1	0	1	18	4	1	0
31	89	0	0	0	3	10	34	0	0
31	91	0	0	0	0	0	0	0	0
31	93	0	0	0	0	0	0	0	0
31	95	0	0	0	0	15	31	2	0
31	97	0	0	0	3	1	20	2	0
31	99	0	1	0	5	33	153	5	1
31	101	0	2	3	2	15	118	6	0
31	103	0	0	0	0	0	0	0	0
31	105	0	0	0	3	1	24	1	0
31	107	0	0	0	1	6	24	1	0
31	109	4	192	201	686	1755	8718	323	32
31	111	0	22	8	38	151	1055	48	9
31	113	0	0	0	0	0	0	0	0
31	115	0	0	0	0	0	0	0	0
31	117	0	0	0	0	0	0	0	0
31	119	0	18	0	12	131	725	41	3
31	121	0	0	0	0	5	52	3	0
31	123	0	0	0	2	6	47	3	0
31	125	0	1	0	2	10	13	3	0
31	127	0	6	0	2	10	23	4	0
31	129	0	0	0	3	6	15	0	0
31	131	0	2	1	3	42	206	15	2
31	133	0	0	0	0	3	19	2	0
31	135	0	2	0	0	4	7	0	0
31	137	0	5	0	5	16	140	6	0
31	139	0	0	0	2	6	28	0	1
31	141	0	7	2	14	87	517	28	2
31	143	0	0	0	0	11	28	1	2
31	145	0	4	1	6	50	211	13	4
31	147	0	0	0	4	9	36	1	0
31	149	0	0	0	2	2	5	0	0
31	151	0	3	2	10	89	182	13	3
31	153	1	37	22	34	331	2046	210	12
31	155	0	1	1	5	36	164	8	1
31	157	0	6	3	18	137	658	39	2
31	159	0	4	0	4	25	110	10	0
31	161	0	2	1	13	17	68	4	4
31	163	0	0	0	0	6	18	0	0
31	165	0	0	0	0	0	0	0	0
31	167	0	0	0	1	7	57	1	0
31	169	0	0	0	4	27	52	1	0
31	171	0	0	0	0	0	0	0	0
31	173	0	0	0	0	0	1	0	0
31	175	0	0	0	0	0	0	0	0
31	177	0	2	2	3	20	93	13	0
31	179	0	0	0	3	5	16	2	1
31	181	0	0	0	1	9	22	3	0
31	183	0	0	0	0	0	2	0	0
31	185	0	2	4	1	47	209	9	1
31	777	0	16	1	90	47	6	11	10
32	1	1	2	6	36	153	385	39	1
32	3	94	739	4422	8639	17538	33364	8213	297
32	5	1	6	6	40	144	656	29	6
32	7	6	39	10	129	343	778	137	4
32	9	0	1	0	1	2	3	3	0
32	11	0	2	0	4	14	13	2	0
32	13	2	0	2	45	62	111	24	2
32	15	0	9	0	31	38	55	11	3
32	17	0	0	0	2	17	49	5	0
32	19	1	19	12	121	322	729	73	10
32	21	0	0	0	9	20	32	6	0
32	23	0	11	26	221	334	687	126	10
32	27	0	3	1	75	27	43	5	0
32	29	0	7	2	39	23	55	8	2
32	31	12	75	411	1132	2626	7466	1228	66
32	33	0	11	1	34	61	58	4	1
32	510	0	0	14	118	298	731	78	4
32	777	7	7	5	114	97	158	28	65
33	1	0	29	13	83	359	1485	56	9
33	3	0	18	12	58	250	808	45	10
33	5	0	14	18	73	220	1087	41	9
33	7	2	8	6	18	97	400	9	4
33	9	0	28	14	67	302	1354	31	33
33	11	2	142	275	565	1695	7007	339	117
33	13	0	38	33	119	431	2266	75	26
33	15	7	77	43	226	925	4649	223	54
33	17	2	54	42	153	479	2612	75	39
33	19	2	13	2	48	168	711	33	6
34	1	30	74	479	678	1794	6331	301	37
34	3	7	32	301	523	2068	8693	621	35
34	5	2	86	247	344	1938	5766	369	55
34	7	71	117	1182	1760	3986	11325	1388	173
34	9	2	12	53	187	1054	3278	84	3
34	11	7	32	316	512	2033	4567	164	33
34	13	121	132	2938	2021	4849	10759	5882	119
34	15	7	27	172	254	1768	5565	288	24
34	17	15	84	1323	1493	2664	8135	1504	38
34	19	3	2	5	36	265	804	31	5
34	21	26	50	760	811	2447	5057	715	38
34	23	13	75	585	706	3156	9894	772	70
34	25	11	86	366	649	2556	9202	352	41
34	27	2	31	106	212	1144	3850	205	5
34	29	4	31	158	415	2659	8369	212	66
34	31	30	42	1213	1151	3093	6599	1392	19
34	33	1	13	47	113	488	987	50	13
34	35	2	16	111	93	1028	3254	201	14
34	37	5	9	22	48	416	1356	35	3
34	39	28	74	966	824	2613	7099	1832	34
34	41	1	9	18	59	312	1314	46	3
34	999	0	0	18	29	6	446	36	0
35	1	50	329	1184	3416	7857	22025	3032	139
35	3	0	1	1	9	35	32	6	0
35	5	8	37	48	269	756	2141	110	14
35	6	1	15	7	174	232	199	51	2
35	7	0	3	3	13	168	153	15	4
35	9	4	26	22	151	729	1558	85	35
35	11	0	1	0	8	9	6	1	0
35	13	8	99	91	538	1801	4452	391	24
35	15	7	26	19	263	628	1596	133	7
35	17	0	17	17	68	207	521	36	3
35	19	0	0	6	25	34	53	8	1
35	21	0	0	0	0	0	0	0	0
35	23	0	0	4	15	9	19	3	2
35	25	4	28	28	280	729	1600	184	6
35	27	2	6	3	40	179	341	18	0
35	28	0	10	0	49	39	164	5	3
35	29	0	9	6	130	243	583	28	4
35	31	7	42	67	393	540	1615	127	18
35	33	0	0	0	0	0	0	0	0
35	35	0	11	10	155	319	823	62	8
35	37	0	2	4	21	125	144	10	0
35	39	1	5	38	182	401	396	39	3
35	41	0	16	3	71	219	348	32	0
35	43	4	28	30	293	595	1648	201	17
35	45	6	133	57	657	725	2325	189	29
35	47	0	5	8	121	155	273	24	6
35	49	6	24	136	358	2735	2421	252	31
35	51	1	3	1	40	86	184	21	0
35	53	0	3	2	124	139	365	23	3
35	55	2	6	7	46	171	338	5	1
35	57	0	3	0	51	125	162	24	3
35	59	0	1	2	18	77	42	12	0
35	61	4	15	18	338	822	931	204	9
35	777	4	36	12	321	154	320	59	78
36	1	5	69	318	623	1497	7210	265	19
36	3	2	9	3	52	217	585	20	2
36	5	71	197	3420	5279	3165	19721	1385	0
36	7	7	59	135	398	1252	4891	126	27
36	9	1	18	17	114	432	1452	34	9
36	11	1	13	22	106	305	1306	46	15
36	13	2	27	60	216	814	2628	85	34
36	15	4	2	46	170	398	1770	46	4
36	17	0	17	9	31	180	753	25	2
36	19	0	15	6	66	274	1296	39	7
36	21	0	15	18	72	262	1039	12	13
36	23	1	11	19	33	249	772	20	7
36	25	1	11	7	45	175	518	18	2
36	27	5	30	161	480	897	4133	145	41
36	29	50	211	1602	2361	6019	19729	1481	341
36	31	1	7	4	35	138	363	14	6
36	33	1	14	5	31	201	710	25	2
36	35	0	5	12	36	302	1166	44	2
36	37	0	12	8	72	266	1059	32	16
36	39	0	7	6	85	213	437	21	1
36	41	0	0	0	1	31	44	4	0
36	43	2	10	3	110	268	883	30	6
36	45	1	14	25	176	464	2101	155	19
36	47	129	358	6235	9616	5742	35966	2524	0
36	49	0	0	2	17	124	263	10	7
36	51	0	14	1	40	169	953	15	2
36	53	0	11	5	43	271	974	30	2
36	55	41	175	1011	1447	4968	16774	976	233
36	57	4	9	12	32	227	880	23	1
36	59	28	72	1091	1270	2754	13200	1004	90
36	61	81	227	3932	6070	3623	22730	1592	0
36	63	4	47	207	560	1437	4425	228	61
36	65	2	43	165	392	1212	4387	192	37
36	67	15	111	539	1091	2988	8553	592	63
36	69	2	36	22	90	434	1556	41	0
36	71	9	68	377	632	1361	6868	242	35
36	73	0	5	9	49	192	641	25	4
36	75	0	32	26	139	774	2163	101	18
36	77	0	15	14	54	195	716	25	14
36	79	0	7	8	26	187	604	33	0
36	81	114	317	5522	8522	5088	31814	2235	0
36	83	9	29	130	278	964	3032	135	9
36	85	24	66	1143	1764	1053	6586	463	0
36	87	2	28	144	324	540	3145	127	18
36	89	0	14	11	99	486	1751	40	13
36	91	2	18	20	113	542	2479	55	13
36	93	7	37	227	428	1059	3626	191	71
36	95	0	6	1	12	133	333	12	0
36	97	1	4	1	15	40	111	9	0
36	99	0	5	3	50	119	662	11	2
36	101	0	40	15	101	348	1272	54	4
36	103	23	52	745	1295	4349	21072	1178	155
36	105	1	34	29	118	571	1144	43	19
36	107	0	0	7	26	148	423	15	0
36	109	0	10	33	43	294	1736	38	2
36	111	1	31	38	209	731	2865	77	24
36	113	1	18	9	95	170	1100	25	14
36	115	6	11	7	53	233	621	31	5
36	117	1	20	17	90	431	1145	39	4
36	119	20	73	915	1432	1903	10020	634	44
36	121	0	5	6	39	76	404	17	2
36	123	0	6	0	14	111	291	4	3
36	777	0	2	5	6	27	377	17	37
37	1	4	35	138	497	1438	3530	250	14
37	3	2	7	7	25	371	560	45	16
37	5	0	1	0	1	5	31	5	0
37	7	1	15	30	93	508	769	38	3
37	9	0	4	1	23	221	295	32	2
37	11	0	0	1	23	61	184	7	5
37	13	1	7	36	123	504	1007	33	12
37	15	0	2	8	21	120	229	11	3
37	17	2	2	20	102	454	961	41	13
37	19	1	24	25	119	1341	1906	128	19
37	21	10	54	181	347	1661	5237	537	22
37	23	3	7	40	111	943	1318	95	5
37	25	6	20	81	101	1035	3163	222	31
37	27	2	9	32	88	830	1931	132	24
37	29	0	1	2	9	40	72	3	0
37	31	4	30	20	147	618	1354	78	7
37	33	2	8	4	48	214	288	17	7
37	35	13	34	119	316	1555	4057	292	36
37	37	1	10	18	75	504	739	41	8
37	39	3	4	3	43	298	469	36	7
37	41	0	0	15	31	138	226	16	4
37	43	0	2	0	24	100	128	10	0
37	45	6	27	59	140	957	1566	92	7
37	47	4	17	55	136	959	1325	123	14
37	49	3	24	61	236	1888	2116	145	9
37	51	30	95	728	980	6378	11924	999	104
37	53	0	2	2	33	114	419	11	6
37	55	2	15	16	60	605	1168	45	10
37	57	0	15	84	214	1361	2450	173	27
37	59	1	8	11	53	308	620	33	3
37	61	9	15	24	148	633	806	64	12
37	63	21	70	633	1066	3735	7491	772	61
37	65	3	14	61	264	735	1301	83	13
37	67	8	99	469	1360	5413	11233	831	112
37	69	0	10	22	124	468	776	78	8
37	71	6	50	194	535	1826	4872	377	49
37	73	0	0	0	0	0	0	0	0
37	75	0	0	0	0	0	0	0	0
37	77	0	5	46	153	712	1032	62	10
37	79	0	9	3	17	202	174	27	3
37	81	28	93	753	1364	5151	12198	933	183
37	83	7	28	55	199	732	1226	81	13
37	85	4	20	57	237	1203	1802	150	18
37	87	1	14	19	122	616	996	95	4
37	89	6	28	30	129	788	1601	161	3
37	91	4	5	15	50	225	350	35	6
37	93	0	0	23	30	503	368	17	21
37	95	0	0	0	0	0	0	0	0
37	97	1	31	89	354	1650	3251	247	19
37	99	0	8	12	77	494	483	32	9
37	101	0	28	54	237	1508	2582	153	9
37	103	0	0	1	2	4	9	0	0
37	105	4	5	39	63	418	961	83	7
37	107	1	18	76	288	796	1468	67	11
37	109	3	7	16	79	649	1318	53	9
37	111	0	6	9	58	488	821	63	5
37	113	1	3	6	28	215	495	28	1
37	115	3	2	3	15	123	150	21	6
37	117	3	4	32	84	425	619	40	6
37	119	54	240	1886	3339	8340	25995	2295	233
37	121	0	0	2	0	8	57	6	0
37	123	4	6	6	40	241	549	31	3
37	125	6	11	41	124	686	1225	99	5
37	127	11	17	100	470	1125	1981	166	12
37	129	9	46	300	480	2447	6038	500	20
37	131	1	5	9	44	205	184	31	2
37	133	7	54	55	273	1321	3438	183	24
37	135	5	16	60	132	1056	2343	140	11
37	137	0	1	3	23	57	234	5	1
37	139	3	0	39	100	348	626	30	7
37	141	1	11	14	98	206	713	43	5
37	143	2	2	7	14	119	101	8	1
37	145	0	14	14	79	378	589	33	5
37	147	11	36	207	442	1763	3982	188	4
37	149	0	7	1	7	100	169	14	3
37	151	9	30	52	145	1210	3391	163	24
37	153	8	24	49	132	974	1714	96	22
37	155	13	32	273	775	2937	4637	385	69
37	157	7	14	51	180	1041	1967	132	18
37	159	3	26	129	276	1306	2784	208	20
37	161	1	5	14	84	863	1127	100	14
37	163	6	6	27	82	883	892	89	5
37	165	7	5	33	134	761	803	47	26
37	167	0	11	22	76	537	929	51	17
37	169	2	5	9	145	452	823	63	5
37	171	7	15	28	164	679	1466	121	19
37	173	1	4	1	39	120	195	10	0
37	175	0	6	8	34	176	362	22	2
37	177	0	1	2	2	10	45	5	0
37	179	11	21	116	356	1330	3547	213	24
37	181	11	8	97	118	1029	1800	167	12
37	183	21	167	814	1415	5240	16762	1341	108
37	185	2	6	6	40	211	283	51	5
37	187	0	1	11	31	98	207	10	3
37	189	1	4	6	57	201	680	26	4
37	191	20	8	108	388	1576	2981	263	6
37	193	2	8	22	130	622	1326	72	5
37	195	9	6	78	234	895	1938	138	17
37	197	2	6	6	110	376	552	35	6
37	199	1	1	1	13	88	110	4	1
37	777	2	5	9	70	150	500	17	6
38	1	0	0	0	0	7	5	0	0
38	3	0	3	0	9	37	125	5	1
38	5	0	3	0	0	5	13	5	0
38	7	0	0	0	0	6	12	1	0
38	9	2	0	0	3	18	44	4	0
38	11	0	0	0	0	0	0	0	0
38	13	0	0	0	1	6	15	5	0
38	15	1	38	17	188	387	1650	120	12
38	17	1	82	54	345	620	2813	200	23
38	19	0	0	0	0	7	18	1	1
38	21	0	0	0	1	4	16	0	0
38	23	0	0	0	0	5	9	3	0
38	25	0	2	0	7	10	29	6	0
38	27	0	0	0	1	3	15	0	0
38	29	0	0	0	0	10	18	5	0
38	31	0	0	0	0	0	4	2	0
38	33	0	0	0	0	3	5	0	0
38	35	0	26	21	110	270	1308	101	3
38	37	0	1	1	3	11	8	3	0
38	39	0	0	0	3	3	3	0	0
38	41	0	0	1	4	3	7	4	1
38	43	0	0	0	0	7	14	2	2
38	45	0	0	1	1	2	6	3	0
38	47	0	0	0	0	2	19	1	0
38	49	0	0	0	2	11	27	6	0
38	51	0	0	0	0	5	3	0	0
38	53	1	2	1	21	16	137	15	1
38	55	0	1	1	6	37	79	14	0
38	57	1	2	0	5	27	67	9	1
38	59	2	13	5	40	66	489	50	5
38	61	4	0	0	13	25	78	27	4
38	63	0	0	0	4	11	11	8	0
38	65	0	0	0	1	0	1	1	0
38	67	0	1	0	6	15	37	4	1
38	69	0	0	0	2	15	57	4	0
38	71	0	5	2	8	64	266	16	1
38	73	1	0	0	2	21	35	6	0
38	75	0	0	0	1	2	18	0	0
38	77	0	4	1	9	54	209	23	0
38	79	0	0	0	2	15	17	8	0
38	81	0	0	0	0	8	13	0	0
38	83	0	0	0	0	6	28	3	0
38	85	0	0	0	0	0	0	0	0
38	87	0	0	0	0	1	1	0	0
38	89	0	0	3	44	29	416	31	1
38	91	0	1	0	0	5	1	1	0
38	93	0	15	0	21	91	349	33	4
38	95	0	1	0	3	10	26	4	0
38	97	0	0	0	2	16	44	3	1
38	99	0	5	0	17	30	170	16	1
38	101	0	25	6	93	127	718	117	7
38	103	0	3	1	6	22	45	1	4
38	105	1	17	2	89	92	793	172	5
38	777	12	25	10	197	150	227	112	23
39	1	0	3	3	13	234	296	17	2
39	3	8	73	120	358	1042	2646	132	25
39	5	0	15	4	16	316	785	18	4
39	7	2	12	17	63	507	1158	61	6
39	9	0	12	21	21	372	1125	28	4
39	11	0	1	3	15	90	324	10	0
39	13	0	5	3	25	248	580	42	3
39	15	0	0	2	6	127	279	6	1
39	17	10	194	305	897	3621	11081	421	96
39	19	0	1	0	56	80	157	17	5
39	21	1	3	4	26	229	677	27	6
39	23	5	45	182	174	1753	3708	213	93
39	25	2	34	32	89	1240	4158	118	30
39	27	0	7	4	11	133	764	15	2
39	29	2	8	7	22	296	810	35	3
39	31	0	0	5	15	301	611	11	3
39	33	0	4	7	23	350	682	20	2
39	35	99	489	3719	2277	12781	21517	4681	367
39	37	0	6	12	53	338	712	37	3
39	39	0	17	4	13	142	651	9	4
39	41	2	32	59	45	797	2334	100	23
39	43	6	13	35	89	577	1743	47	9
39	45	4	47	108	79	951	3178	142	57
39	47	0	6	16	23	365	843	30	5
39	49	80	644	3296	1291	16769	34668	3783	587
39	51	1	8	1	24	158	549	17	3
39	53	2	5	10	12	323	686	21	2
39	55	3	5	5	21	117	353	13	2
39	57	3	51	63	73	829	3470	118	12
39	59	3	9	16	41	286	544	33	4
39	61	58	296	2077	1156	8318	23723	1601	443
39	63	0	21	21	45	382	1517	32	5
39	65	0	4	6	8	268	550	11	5
39	67	0	5	1	4	61	112	13	0
39	69	2	12	3	10	171	538	19	3
39	71	0	7	5	44	326	758	40	5
39	73	3	5	6	6	205	501	12	2
39	75	0	4	2	2	71	270	15	1
39	77	0	3	6	9	190	494	32	1
39	79	1	3	5	20	229	664	29	2
39	81	0	3	5	23	91	212	10	2
39	83	1	7	8	26	229	980	0	0
39	85	1	54	102	261	637	3194	132	19
39	87	1	13	20	81	388	1000	77	6
39	89	0	87	66	384	1087	3618	151	55
39	91	0	20	7	22	409	923	24	1
39	93	5	53	175	182	2196	3263	192	50
39	95	40	184	1192	2122	7618	3320	1529	547
39	97	1	4	10	21	266	559	39	6
39	99	25	60	311	456	2855	4970	436	283
39	101	2	20	71	43	1283	2057	57	16
39	103	4	19	15	108	290	1365	22	1
39	105	1	6	5	8	177	182	16	1
39	107	1	9	1	10	133	548	11	8
39	109	1	17	35	13	561	2340	78	20
39	111	0	2	0	2	42	57	0	1
39	113	32	251	933	925	5833	12696	1261	218
39	115	0	1	0	11	50	94	5	0
39	117	2	7	4	12	260	465	23	3
39	119	3	35	55	74	647	2349	123	19
39	121	0	0	0	0	0	0	0	0
39	123	0	1	5	7	152	502	14	1
39	125	0	3	1	6	63	120	0	1
39	127	0	2	2	8	48	218	4	2
39	129	1	11	19	32	725	1400	38	9
39	131	3	3	5	7	88	310	19	6
39	133	0	16	48	71	872	2275	47	17
39	135	2	7	1	29	271	667	34	0
39	137	1	6	2	6	41	125	12	0
39	139	3	45	115	81	1833	3884	152	58
39	141	0	24	35	91	1006	2812	111	10
39	143	0	5	16	90	353	1146	26	1
39	145	0	15	49	45	770	2046	114	23
39	147	0	4	6	12	207	330	11	2
39	149	0	10	18	46	362	1119	38	14
39	151	13	126	583	417	3773	7549	719	98
39	153	27	256	656	1105	4547	11196	997	145
39	155	5	43	168	269	2163	3941	274	26
39	157	1	8	10	25	275	685	48	5
39	159	0	6	1	6	65	186	9	2
39	161	0	4	1	17	181	513	5	3
39	163	2	3	2	7	141	195	12	1
39	165	0	38	46	101	797	3144	67	31
39	167	0	12	4	25	283	564	28	4
39	169	2	30	18	32	550	1273	72	18
39	171	0	7	1	10	139	432	28	5
39	173	1	29	19	63	464	2083	66	9
39	175	0	3	1	5	29	127	3	0
40	1	1	7	1	60	156	157	20	7
40	3	0	0	0	7	13	30	2	0
40	5	1	3	0	9	116	124	13	3
40	7	0	1	0	10	25	50	4	0
40	9	1	3	1	33	125	328	37	3
40	11	0	2	1	20	66	109	12	2
40	13	1	17	9	204	366	865	76	2
40	15	1	8	3	102	178	286	35	8
40	17	7	51	107	403	1200	2956	460	20
40	19	4	42	37	368	450	1327	109	23
40	21	0	6	6	81	265	657	58	4
40	23	0	5	4	32	91	134	19	9
40	25	0	0	0	0	1	2	0	0
40	27	13	116	210	571	2383	6949	908	40
40	29	0	2	0	6	22	49	5	1
40	31	13	42	174	729	1702	3616	330	42
40	33	0	0	0	1	8	21	1	0
40	35	1	3	0	10	45	128	27	6
40	37	4	21	16	113	341	757	116	16
40	39	1	12	3	69	138	331	41	1
40	41	1	5	0	67	165	441	48	4
40	43	0	0	0	6	15	31	6	0
40	45	0	0	0	5	10	26	4	0
40	47	2	30	21	117	517	1456	102	13
40	49	0	8	10	53	221	410	43	17
40	51	1	21	13	146	443	853	93	9
40	53	0	0	0	2	22	28	4	0
40	55	0	1	1	7	10	25	4	1
40	57	1	0	2	6	34	56	3	0
40	59	0	0	0	0	16	7	3	0
40	61	0	2	2	28	44	94	14	4
40	63	0	2	3	7	50	100	25	1
40	65	1	10	11	50	237	490	27	3
40	67	0	0	0	3	17	25	9	0
40	69	1	1	0	15	17	46	4	1
40	71	0	29	33	106	323	1143	70	16
40	73	0	1	0	6	33	131	9	1
40	75	0	4	4	11	98	141	13	2
40	77	0	1	0	14	22	48	17	5
40	79	1	14	5	110	356	587	68	8
40	81	1	4	2	63	275	373	55	6
40	83	0	5	4	35	231	483	48	7
40	85	0	1	1	11	29	89	5	0
40	87	0	5	10	45	322	710	103	5
40	89	0	9	10	134	311	689	63	14
40	91	1	9	1	27	126	282	35	3
40	93	0	1	0	8	46	120	6	0
40	95	2	4	0	37	35	81	15	1
40	97	2	7	2	101	221	373	60	5
40	99	1	6	2	19	78	131	16	3
40	101	3	34	41	593	878	1324	142	23
40	103	0	4	0	16	52	120	13	3
40	105	0	1	1	20	53	103	15	0
40	107	1	0	0	19	126	213	22	6
40	109	83	398	1137	3630	10118	23238	4163	145
40	111	1	4	7	62	268	630	72	14
40	113	1	18	20	90	358	593	89	17
40	115	0	4	5	77	207	583	38	5
40	117	1	5	4	30	59	116	16	2
40	119	2	35	26	118	467	1706	96	10
40	121	0	29	17	64	449	981	77	11
40	123	3	25	11	156	292	740	77	0
40	125	4	32	22	279	659	1645	240	3
40	127	0	5	0	18	79	97	21	7
40	129	0	0	1	4	3	36	2	0
40	131	0	32	11	117	313	745	105	16
40	133	2	6	4	18	271	487	56	8
40	135	0	11	2	95	239	587	43	12
40	137	3	19	19	97	441	1018	70	4
40	139	0	6	6	24	77	312	22	7
40	141	0	1	2	24	68	108	5	4
40	143	45	381	1122	2928	7291	15582	2702	263
40	145	2	16	24	143	378	997	83	12
40	147	2	15	16	109	375	949	73	7
40	149	0	3	0	17	55	81	21	1
40	151	0	0	0	6	20	83	4	1
40	153	0	8	1	49	154	353	52	1
40	777	4	10	39	145	307	1336	177	41
41	1	0	0	1	0	20	53	3	0
41	3	1	19	18	58	322	1460	59	19
41	5	9	97	133	165	1603	7037	749	41
41	7	0	1	11	14	150	601	47	4
41	9	0	14	6	52	177	602	61	7
41	11	1	5	15	94	410	1534	88	4
41	13	0	4	1	53	95	332	7	1
41	15	0	2	3	13	104	268	25	7
41	17	0	49	43	292	821	3607	187	65
41	19	1	35	37	71	658	2349	187	29
41	21	0	0	0	1	5	9	2	1
41	23	0	0	0	1	10	40	2	3
41	25	1	0	0	3	48	126	5	2
41	27	0	2	3	22	37	129	16	1
41	29	4	76	82	499	1029	6491	317	71
41	31	1	6	6	6	113	368	35	11
41	33	1	15	57	154	713	1978	208	17
41	35	2	22	38	88	319	945	140	22
41	37	0	4	0	19	7	14	3	0
41	39	7	126	260	448	2622	10062	860	120
41	41	0	19	16	132	320	973	60	17
41	43	0	25	42	73	708	2822	211	18
41	45	0	12	5	66	195	816	30	0
41	47	12	74	172	505	1814	7759	1112	67
41	49	1	2	1	12	80	167	17	2
41	51	24	287	1170	2177	5621	27569	4482	293
41	53	1	18	28	134	379	1598	162	16
41	55	0	1	0	1	6	34	2	0
41	57	0	5	2	7	137	382	17	5
41	59	4	14	18	74	569	1756	290	15
41	61	0	13	2	23	188	526	30	7
41	63	2	0	0	0	14	37	0	1
41	65	2	4	11	19	161	629	43	3
41	67	10	163	219	480	1652	8171	567	82
41	69	0	0	0	3	0	0	0	0
41	71	4	25	22	76	546	1456	98	24
41	777	4	11	2	99	121	220	49	19
42	1	6	14	7	87	263	905	50	11
42	3	81	125	1732	3105	5727	19160	1167	408
42	5	0	14	9	43	177	428	29	3
42	7	6	36	84	417	632	3048	129	14
42	9	2	77	2	42	182	400	34	7
42	11	21	94	481	776	2462	6058	797	45
42	13	6	44	38	233	386	1644	80	24
42	15	0	25	5	61	284	880	55	15
42	17	6	75	216	345	2121	9748	466	58
42	19	3	12	48	147	440	1853	64	13
42	21	6	30	47	235	649	1803	94	9
42	23	0	4	2	3	45	52	2	2
42	25	3	13	17	138	352	953	36	8
42	27	1	32	27	92	355	1800	42	26
42	29	14	114	174	525	1423	5972	258	38
42	31	2	28	3	27	137	486	24	6
42	33	0	37	12	198	325	1454	43	19
42	35	0	13	2	34	143	562	17	4
42	37	3	23	9	50	306	1189	25	6
42	39	1	12	16	52	413	972	34	16
42	41	0	42	69	71	614	3163	80	18
42	43	18	154	527	724	1533	5404	288	56
42	45	30	89	849	1932	2309	9745	602	59
42	47	1	4	2	18	133	517	12	15
42	49	11	93	223	368	1808	5332	211	36
42	51	3	45	99	165	830	2206	153	63
42	53	2	4	0	27	83	71	4	3
42	55	5	35	47	126	494	1927	79	16
42	57	0	1	1	16	54	131	5	4
42	59	2	9	15	50	186	553	38	9
42	61	1	27	2	48	149	377	17	4
42	63	5	29	16	240	310	990	53	10
42	65	1	15	6	44	140	319	16	7
42	67	0	6	2	9	79	127	14	1
42	69	0	35	165	296	1023	3352	187	47
42	71	15	113	331	420	1723	8235	347	49
42	73	4	14	93	343	635	1401	73	13
42	75	3	25	64	200	381	2077	79	12
42	77	21	92	478	331	1925	7098	597	41
42	79	17	88	233	562	1661	5892	354	55
42	81	2	27	81	102	515	1925	78	25
42	83	0	17	3	79	178	558	19	8
42	85	2	32	70	154	645	1946	69	9
42	87	0	10	4	59	138	835	22	3
42	89	4	50	95	517	1202	3185	99	19
42	91	11	108	509	767	2325	12120	494	99
42	93	0	8	1	42	66	185	7	6
42	95	9	46	196	332	961	4586	192	21
42	97	3	21	6	182	317	1042	62	12
42	99	0	8	9	58	174	501	25	14
42	101	332	881	7984	8669	12004	38595	6401	0
42	103	0	17	17	36	429	616	30	8
42	105	1	10	0	14	89	89	12	0
42	107	4	38	34	224	446	1760	93	28
42	109	0	10	11	81	134	508	16	3
42	111	2	11	8	80	209	561	28	14
42	113	0	1	0	18	44	50	4	0
42	115	2	21	16	15	210	271	24	9
42	117	0	8	1	39	221	350	39	5
42	119	1	10	5	16	138	344	9	1
42	121	3	22	5	39	125	665	20	2
42	123	1	16	6	88	149	567	29	3
42	125	5	49	91	261	731	2748	140	38
42	127	2	21	6	33	263	569	28	17
42	129	6	74	118	366	1000	4093	192	63
42	131	0	7	1	20	99	274	25	2
42	133	17	104	303	670	1313	7055	293	70
44	1	0	6	11	24	146	562	17	6
44	3	3	36	38	127	693	2803	196	31
44	5	1	14	20	106	452	1544	68	21
44	7	30	222	632	1310	4292	11939	2280	114
44	9	1	14	14	48	346	1627	68	10
44	777	0	0	0	0	0	2	2	0
45	1	0	5	12	111	216	496	25	13
45	3	13	53	108	370	1618	4344	571	6
45	5	0	1	4	32	151	176	14	3
45	7	18	55	157	914	2438	6372	835	36
45	9	0	2	21	85	231	415	41	2
45	11	5	4	33	169	349	691	74	10
45	13	12	48	146	716	1299	3522	219	26
45	15	16	64	134	527	1425	4061	513	62
45	17	0	6	9	56	221	269	50	2
45	19	26	95	348	1031	1876	8817	891	38
45	21	3	14	20	138	338	584	97	3
45	23	2	12	25	156	389	867	60	2
45	25	2	14	21	183	362	1219	84	10
45	27	1	10	31	147	352	904	82	11
45	29	2	14	26	246	419	1151	194	14
45	31	10	17	70	410	1178	2471	217	11
45	33	8	17	48	291	595	1206	105	12
45	35	8	42	129	429	973	3223	414	13
45	37	2	6	7	36	147	337	37	3
45	39	4	8	15	129	211	607	68	5
45	41	6	38	133	448	1466	4214	361	10
45	43	4	14	31	239	710	1527	125	6
45	45	20	189	451	2078	4000	11148	1254	67
45	47	7	39	73	676	965	2564	122	12
45	49	0	7	18	102	203	336	27	17
45	51	21	201	416	1151	3158	10088	1073	57
45	53	9	14	25	29	201	547	62	8
45	55	2	30	26	299	663	1333	124	4
45	57	13	26	68	299	884	2146	115	22
45	59	6	31	49	394	734	1600	119	13
45	61	0	4	18	112	255	511	66	8
45	63	12	81	156	709	1500	5487	636	19
45	65	0	2	4	28	56	106	20	0
45	67	8	12	51	231	771	1060	92	12
45	69	3	20	32	296	408	1074	67	5
45	71	1	4	22	143	264	763	40	5
45	73	5	32	17	332	662	1456	157	13
45	75	13	32	117	214	1353	2713	486	23
45	77	9	34	41	369	1017	3346	333	12
45	79	24	184	809	2622	4965	12511	2087	51
45	81	0	4	6	80	160	250	28	1
45	83	10	104	233	908	2450	6573	633	54
45	85	12	30	103	685	1611	2713	346	54
45	87	2	9	20	128	270	776	31	8
45	89	4	11	39	145	440	785	116	17
45	91	10	70	167	922	1090	4480	327	31
46	3	0	0	0	0	6	10	1	0
46	5	0	9	0	34	67	370	21	0
46	7	0	1	0	8	2	15	4	1
46	9	0	0	0	0	1	1	0	0
46	11	0	0	0	10	11	134	3	2
46	13	0	23	1	48	99	411	30	3
46	15	0	3	0	8	18	74	8	0
46	17	0	0	0	0	0	0	0	0
46	19	0	12	0	15	44	123	2	1
46	21	0	0	0	0	2	4	2	1
46	23	1	3	0	9	29	43	2	1
46	25	0	0	0	0	3	9	0	0
46	27	0	6	2	27	45	241	14	0
46	29	0	14	2	53	132	428	30	2
46	31	0	0	0	1	14	6	4	0
46	33	0	1	0	4	8	21	4	0
46	35	0	19	3	36	62	364	24	3
46	37	0	0	0	0	0	0	0	0
46	39	2	1	0	0	15	14	4	0
46	41	0	0	0	2	4	1	0	2
46	43	0	0	0	0	0	0	0	0
46	45	0	0	0	0	0	0	1	0
46	47	0	0	0	6	8	12	5	0
46	49	0	0	0	1	0	2	0	0
46	51	0	0	0	0	0	0	0	0
46	53	0	0	0	0	0	0	0	0
46	55	0	0	0	0	0	0	0	0
46	57	0	1	0	3	17	29	2	0
46	59	0	0	0	4	3	12	0	0
46	61	0	1	0	1	1	2	0	0
46	63	0	0	0	1	0	0	0	0
46	65	4	17	3	36	69	436	31	3
46	67	0	0	0	3	8	8	3	0
46	69	0	0	0	0	0	0	0	0
46	71	0	0	0	3	5	2	1	0
46	73	0	0	0	0	1	3	1	0
46	75	0	0	0	0	0	0	0	0
46	77	0	0	0	0	0	0	0	0
46	79	1	2	0	2	15	72	5	0
46	81	0	10	0	23	66	585	15	0
46	83	0	25	10	86	244	752	67	11
46	85	0	0	0	0	0	0	0	0
46	87	0	1	0	2	11	25	3	0
46	89	0	0	0	0	0	2	0	0
46	91	0	6	0	9	11	24	5	0
46	93	0	5	0	16	36	201	11	0
46	95	0	0	0	2	6	9	2	0
46	97	0	0	1	0	6	2	0	0
46	99	2	139	60	391	863	3595	271	54
46	101	0	4	0	8	10	73	4	1
46	103	5	143	55	312	716	3149	258	21
46	105	0	0	0	0	2	8	1	0
46	107	0	0	0	2	0	0	1	0
46	109	0	0	0	21	16	67	10	0
46	111	0	0	0	0	0	0	0	0
46	113	0	0	0	0	0	0	0	0
46	115	0	4	0	6	7	31	4	3
46	117	0	2	0	3	18	15	0	0
46	119	0	0	0	0	0	1	0	0
46	121	0	0	0	0	0	0	0	0
46	123	0	0	0	6	7	14	4	0
46	125	0	0	0	9	23	18	7	0
46	127	0	0	0	6	18	87	5	0
46	129	0	2	1	7	10	67	6	0
46	135	0	20	3	31	84	448	28	2
46	137	0	0	0	1	3	2	1	2
46	777	14	106	16	587	303	527	128	108
47	1	3	26	37	193	646	1540	178	17
47	3	1	19	16	140	236	658	33	2
47	5	0	3	1	37	94	220	23	1
47	7	0	0	1	10	22	74	9	1
47	9	3	38	43	348	987	2066	162	6
47	11	1	38	54	519	681	2409	160	7
47	13	1	19	25	105	591	996	59	20
47	15	0	0	0	31	60	106	26	1
47	17	0	3	3	62	174	366	24	4
47	19	4	5	7	81	435	994	83	5
47	21	1	7	9	117	211	609	68	2
47	23	0	2	0	41	110	162	12	1
47	25	1	4	13	158	369	425	51	9
47	27	0	0	0	14	42	46	10	0
47	29	3	4	24	191	483	1033	89	15
47	31	2	7	17	219	356	1183	69	4
47	33	1	11	2	81	81	171	15	0
47	35	2	18	22	201	581	1292	96	14
47	37	65	312	1753	5309	5875	20373	1418	100
47	39	0	1	3	53	97	162	25	1
47	41	2	1	9	54	159	361	28	5
47	43	4	17	3	151	328	1008	51	9
47	45	0	9	23	231	387	1084	50	3
47	47	1	4	11	63	126	292	27	2
47	49	1	4	4	36	116	339	19	3
47	51	4	13	5	97	222	564	39	5
47	53	0	7	21	227	367	812	49	9
47	55	1	10	13	85	210	441	19	4
47	57	0	5	2	31	105	340	28	1
47	59	5	15	41	213	626	1402	128	14
47	61	3	4	1	115	157	167	63	12
47	63	0	17	58	217	374	1955	112	12
47	65	26	91	560	1619	3405	10133	1216	37
47	67	0	2	0	17	47	132	8	1
47	69	4	3	11	130	225	376	54	8
47	71	1	11	12	101	282	586	50	6
47	73	1	13	14	109	399	1070	89	7
47	75	0	7	10	131	226	396	26	5
47	77	1	8	10	159	204	544	43	3
47	79	1	8	12	79	293	684	31	0
47	81	0	5	3	50	170	229	28	0
47	83	0	0	1	22	35	65	15	1
47	85	0	0	0	37	74	234	8	1
47	87	0	0	2	33	83	131	17	3
47	89	3	12	26	117	399	957	68	5
47	91	2	5	2	80	96	169	38	2
47	93	25	150	612	1536	4205	12733	1372	46
47	95	0	0	2	23	28	56	4	4
47	97	2	9	16	147	420	472	41	4
47	99	2	9	8	160	363	823	51	12
47	101	0	3	4	33	52	230	20	3
47	103	2	6	6	143	196	573	27	4
47	105	0	7	16	94	290	783	59	2
47	107	0	18	37	216	483	1426	136	13
47	109	0	4	5	122	153	378	42	2
47	111	0	2	0	65	56	149	26	1
47	113	13	33	196	882	1300	2604	180	27
47	115	0	1	4	83	116	380	46	1
47	117	1	7	1	96	152	313	23	6
47	119	5	28	45	385	518	1640	80	11
47	121	2	9	1	41	75	166	36	4
47	123	5	3	10	179	337	882	98	13
47	125	12	60	104	812	1171	3265	230	29
47	127	0	0	0	4	20	65	4	0
47	129	2	5	4	69	161	270	31	1
47	131	0	11	12	87	220	828	35	9
47	133	1	3	2	59	119	167	13	5
47	135	0	1	1	21	33	66	8	1
47	137	0	2	0	3	11	45	7	0
47	139	4	1	2	43	115	210	41	0
47	141	0	21	34	271	711	2075	123	6
47	143	0	4	8	107	201	483	74	1
47	145	1	12	13	106	467	908	75	13
47	147	3	20	53	190	305	1036	67	5
47	149	6	93	195	954	1694	5162	396	14
47	151	2	4	1	48	171	357	31	3
47	153	0	3	3	52	114	287	38	7
47	155	1	30	44	237	1364	2529	206	8
47	157	135	483	3512	8224	14011	30620	3233	435
47	159	0	6	4	39	135	228	27	2
47	161	1	1	3	36	61	94	13	4
47	163	3	56	70	777	1077	4129	299	37
47	165	2	31	41	423	674	2327	108	31
47	167	5	19	32	202	368	901	87	5
47	169	0	3	1	29	31	118	5	0
47	171	0	0	1	31	59	323	23	3
47	173	2	7	9	44	237	403	47	13
47	175	0	1	0	12	15	89	5	0
47	177	1	16	9	125	262	718	74	7
47	179	1	20	60	427	1004	2943	157	23
47	181	1	2	0	41	46	93	8	3
47	183	2	3	4	108	194	555	26	4
47	185	1	6	6	97	169	518	51	5
47	187	2	24	28	204	372	1853	82	13
47	189	4	17	44	329	569	1855	160	5
48	1	3	22	23	169	427	847	93	7
48	3	1	20	0	71	78	258	18	0
48	5	5	29	53	247	789	2223	108	11
48	7	1	11	4	44	229	595	32	5
48	9	0	0	0	12	27	54	15	0
48	11	0	0	0	1	14	11	3	0
48	13	3	3	8	62	372	837	50	1
48	15	1	7	5	43	142	322	27	1
48	17	1	1	1	7	77	106	6	0
48	19	0	5	0	18	45	67	10	0
48	21	0	51	20	184	505	1205	98	8
48	23	0	0	0	6	11	38	2	1
48	25	2	3	5	50	82	271	24	2
48	27	17	140	348	812	2792	6589	335	51
48	29	101	649	2038	5047	18580	69589	7155	336
48	31	0	1	0	19	48	76	5	0
48	33	0	0	0	1	3	2	1	0
48	35	0	3	0	11	68	118	7	3
48	37	7	33	88	454	1073	2541	241	27
48	39	8	66	91	323	1551	4488	289	28
48	41	5	67	109	670	1287	4322	164	24
48	43	0	1	0	9	34	87	9	1
48	45	0	0	0	0	0	2	1	0
48	47	1	2	0	11	44	91	2	4
48	49	3	18	10	108	214	935	30	5
48	51	1	7	2	14	61	125	14	0
48	53	0	15	8	52	213	585	45	3
48	55	0	21	15	107	223	523	40	2
48	57	0	15	3	90	191	359	29	5
48	59	0	0	2	14	42	55	8	0
48	61	13	98	237	732	3092	13186	476	73
48	63	0	5	3	28	106	226	7	4
48	65	0	2	0	3	16	32	6	1
48	67	2	11	8	71	298	376	41	1
48	69	0	0	1	7	72	143	10	0
48	71	0	10	18	69	267	622	94	4
48	73	2	33	25	195	436	903	102	8
48	75	0	0	1	28	36	56	7	0
48	77	1	0	2	1	61	17	5	0
48	79	0	3	0	3	49	63	10	0
48	81	0	0	0	0	7	16	0	0
48	83	0	0	2	13	135	129	9	1
48	85	11	183	394	674	3489	12879	919	64
48	87	0	0	0	0	0	0	0	0
48	89	4	13	2	42	120	255	22	0
48	91	3	41	29	245	558	2104	131	9
48	93	0	2	1	21	75	205	10	1
48	95	0	0	0	6	4	1	0	0
48	97	1	7	13	68	257	675	40	5
48	99	3	14	25	99	397	819	21	21
48	101	0	0	0	0	3	2	0	0
48	103	0	1	0	8	13	33	1	0
48	105	0	0	0	0	0	0	0	0
48	107	0	1	1	3	27	17	3	0
48	109	0	0	1	0	4	3	0	0
48	111	1	4	1	23	51	120	9	1
48	113	165	706	4889	5227	25141	59144	10235	692
48	115	0	11	2	13	86	205	25	0
48	117	0	1	6	26	98	260	25	6
48	119	0	0	1	7	66	52	10	2
48	121	10	156	331	680	3084	10732	972	79
48	123	0	10	5	87	124	290	21	1
48	125	0	0	0	2	9	4	0	0
48	127	0	4	2	45	167	249	22	4
48	129	0	0	0	10	12	18	4	0
48	131	1	0	5	80	105	171	65	5
48	133	0	3	6	33	170	214	17	1
48	135	5	44	163	956	1090	3571	516	26
48	137	0	0	0	1	6	18	2	0
48	139	6	11	44	162	722	2616	152	18
48	141	28	220	507	2485	2361	15563	1354	118
48	143	0	11	3	43	217	661	31	3
48	145	1	4	4	24	70	86	2	2
48	147	4	18	3	40	180	366	25	2
48	149	1	2	3	19	90	176	14	1
48	151	0	0	0	6	34	30	2	0
48	153	1	2	1	18	41	67	8	5
48	155	0	0	0	2	1	0	0	0
48	157	8	88	417	1102	3070	7179	714	41
48	159	0	2	1	7	45	49	11	0
48	161	1	1	6	39	165	172	21	3
48	163	0	2	4	17	146	217	6	3
48	165	2	3	2	14	59	136	10	0
48	167	7	105	271	439	2049	6549	466	39
48	169	0	0	0	0	19	35	2	0
48	171	0	5	4	11	60	270	13	0
48	173	0	0	0	1	3	9	1	0
48	175	0	3	2	5	39	74	3	0
48	177	2	15	4	83	166	351	25	1
48	179	0	2	6	103	269	609	35	4
48	181	3	32	48	228	1013	2511	237	14
48	183	7	72	145	382	1241	3834	395	19
48	185	1	7	8	85	187	339	42	0
48	187	2	67	31	177	601	2271	127	10
48	189	2	7	10	57	243	794	24	5
48	191	0	0	0	5	17	25	5	0
48	193	0	2	2	11	59	59	5	1
48	195	0	0	3	16	20	56	11	1
48	197	0	0	0	0	48	64	1	0
48	199	3	7	12	63	192	625	90	5
48	201	307	1143	12449	16290	43644	114208	20829	1153
48	203	3	12	20	198	597	971	72	8
48	205	0	2	0	14	32	59	5	1
48	207	0	0	0	11	30	46	4	0
48	209	4	47	37	267	799	2467	177	7
48	211	0	0	0	18	16	44	6	0
48	213	2	48	18	226	657	1262	172	7
48	215	30	202	474	1879	6465	22631	1421	171
48	217	1	10	12	71	265	581	20	5
48	219	1	16	9	74	223	418	11	3
48	221	1	3	3	61	171	857	54	5
48	223	0	4	3	55	104	231	22	1
48	225	1	0	1	33	131	237	26	2
48	227	3	20	12	158	303	908	54	7
48	229	0	0	0	2	11	18	1	0
48	231	1	21	65	306	869	1825	169	10
48	233	0	20	5	116	184	489	21	5
48	235	0	0	0	2	16	18	0	0
48	237	0	6	0	21	39	99	14	1
48	239	0	0	0	18	47	145	8	0
48	241	2	32	7	94	201	554	21	1
48	243	0	0	1	1	4	4	0	0
48	245	20	114	554	1106	3147	6454	519	99
48	247	1	0	0	1	2	4	0	0
48	249	13	17	7	253	467	1089	93	14
48	251	5	64	49	274	937	2584	196	22
48	253	0	3	8	35	120	320	18	2
48	255	2	1	1	21	98	281	21	2
48	257	2	33	35	178	718	1366	181	7
48	259	1	18	4	18	118	469	21	0
48	261	0	3	1	2	5	4	4	0
48	263	0	0	0	3	5	7	1	0
48	265	2	12	8	53	221	754	37	6
48	267	0	0	1	7	23	44	2	0
48	269	0	0	0	0	0	0	0	0
48	271	0	0	0	0	2	1	0	0
48	273	1	5	18	134	370	960	20	4
48	275	0	0	0	5	7	25	1	0
48	277	5	10	37	127	441	1267	42	0
48	279	1	1	5	32	119	246	18	4
48	281	0	11	2	24	87	303	5	5
48	283	0	0	1	12	13	29	1	3
48	285	0	2	1	30	130	199	17	1
48	287	0	5	3	45	91	226	12	0
48	289	1	4	1	9	94	112	22	0
48	291	1	18	36	291	544	1587	196	13
48	293	2	10	7	63	246	380	46	6
48	295	0	0	0	0	3	9	0	0
48	297	0	4	1	21	84	110	20	11
48	299	0	1	0	8	134	253	11	11
48	301	0	0	0	0	0	2	0	0
48	303	12	139	328	1664	3400	9224	828	52
48	305	0	1	0	5	29	64	2	1
48	307	0	0	0	11	57	95	6	1
48	309	9	115	218	676	2237	6380	286	63
48	311	0	0	0	3	9	27	7	0
48	313	0	2	5	13	58	119	23	0
48	315	1	9	5	60	115	144	13	4
48	317	0	1	0	8	14	45	2	1
48	319	0	0	0	1	7	24	0	0
48	321	1	11	19	90	290	770	23	5
48	323	3	4	4	156	512	993	42	1
48	325	1	17	4	57	134	425	25	2
48	327	0	0	0	4	2	0	0	1
48	329	5	22	54	374	700	2728	216	9
48	331	2	1	6	44	145	421	20	2
48	333	0	0	0	1	14	28	1	1
48	335	0	0	0	33	83	114	3	2
48	337	0	4	2	20	109	356	26	0
48	339	12	49	221	569	2349	6227	681	17
48	341	1	8	2	43	103	373	27	4
48	343	0	1	4	53	114	179	4	2
48	345	0	0	0	0	10	15	1	0
48	347	1	24	30	159	430	1358	67	5
48	349	0	30	37	116	579	1230	56	1
48	351	0	0	0	1	23	37	6	0
48	353	0	27	10	94	143	345	19	1
48	355	18	194	392	1567	2723	11976	491	41
48	357	0	0	0	32	35	110	12	4
48	359	0	0	0	2	4	22	0	0
48	361	1	16	47	231	675	1401	184	5
48	363	2	4	10	51	219	751	41	4
48	365	0	7	8	58	208	437	44	4
48	367	3	12	15	109	621	1612	98	6
48	369	0	2	1	8	29	49	5	0
48	371	1	4	2	41	74	255	2	1
48	373	0	24	12	58	357	703	69	9
48	375	5	60	154	502	1218	3529	363	30
48	377	0	0	0	1	5	16	2	0
48	379	0	7	0	14	53	122	10	0
48	381	6	56	126	449	1094	3091	313	29
48	383	0	0	0	1	9	9	1	0
48	385	2	0	0	1	3	12	2	0
48	387	0	1	3	13	105	101	11	0
48	389	2	0	3	14	44	249	13	3
48	391	0	1	2	11	22	75	3	1
48	393	0	1	0	4	1	13	3	0
48	395	0	3	5	51	126	194	11	6
48	397	1	10	6	69	261	1049	72	2
48	399	0	5	0	17	45	84	5	0
48	401	0	16	24	187	381	1040	72	7
48	403	0	2	5	8	40	81	3	2
48	405	0	1	3	24	36	79	13	1
48	407	0	1	8	57	274	355	89	3
48	409	4	35	16	172	517	1354	65	9
48	411	1	0	0	12	9	41	3	1
48	413	0	0	0	1	9	6	0	0
48	415	1	9	4	49	108	260	20	1
48	417	1	0	0	0	8	19	4	1
48	419	5	10	18	50	169	373	34	3
48	421	0	0	0	0	4	7	1	0
48	423	6	91	115	635	1890	4673	320	20
48	425	0	0	0	5	48	58	2	1
48	427	2	9	10	141	349	592	72	5
48	429	0	4	0	9	41	69	4	1
48	431	0	0	0	1	1	0	1	0
48	433	0	0	0	6	2	2	1	0
48	435	0	0	1	2	4	21	4	0
48	437	0	1	2	24	54	66	3	0
48	439	73	687	2167	5028	16077	46906	4559	228
48	441	3	42	126	322	1083	3256	178	19
48	443	0	0	0	2	3	0	0	0
48	445	0	3	7	27	80	138	7	2
48	447	0	0	0	1	1	4	0	0
48	449	0	0	4	62	272	587	43	6
48	451	5	57	36	217	852	2841	146	11
48	453	32	236	997	2607	8244	36913	2419	152
48	455	1	1	1	16	71	112	10	1
48	457	1	9	1	54	130	134	19	3
48	459	1	11	11	92	345	616	56	3
48	461	0	0	0	1	6	10	1	0
48	463	3	7	3	93	181	595	22	4
48	465	1	0	10	56	207	624	18	8
48	467	4	1	8	86	334	598	96	1
48	469	6	48	50	385	761	2218	130	19
48	471	1	45	15	209	434	937	56	4
48	473	5	13	19	65	286	499	48	6
48	475	2	5	2	49	70	226	7	0
48	477	1	5	9	56	175	505	31	1
48	479	8	86	187	846	1825	8845	410	87
48	481	1	8	24	132	296	796	40	9
48	483	0	1	0	9	14	55	1	2
48	485	6	46	154	362	1439	3973	264	11
48	487	1	14	1	41	89	258	16	6
48	489	0	14	4	113	226	463	16	7
48	491	3	98	126	447	1402	6826	277	33
48	493	3	6	3	34	143	437	39	0
48	495	0	0	1	31	17	41	6	0
48	497	1	8	7	73	235	582	55	1
48	499	1	4	3	44	268	495	37	7
48	501	1	5	4	0	55	93	8	0
48	503	0	8	1	18	130	315	14	5
48	505	0	1	1	28	73	80	14	1
48	507	1	0	2	47	58	93	9	0
48	777	0	0	1	76	8	42	3	0
49	1	0	0	0	11	12	22	3	0
49	3	0	17	7	70	188	939	37	9
49	5	0	19	4	38	374	1497	68	7
49	7	9	11	1	42	211	619	35	4
49	9	0	0	0	0	11	15	0	0
49	11	2	105	21	164	987	5288	284	18
49	13	0	6	0	28	96	432	28	4
49	15	0	2	0	6	53	125	11	2
49	17	0	0	0	0	0	0	0	0
49	19	0	5	0	21	52	228	22	1
49	21	1	23	5	113	218	832	53	4
49	23	0	2	0	4	31	141	10	0
49	25	0	6	0	11	26	76	6	1
49	27	0	4	0	18	52	198	9	0
49	29	0	1	0	1	7	36	2	1
49	31	0	0	0	0	4	18	4	0
49	33	0	0	0	5	8	26	1	0
49	35	27	487	773	2188	6584	35187	4226	128
49	37	0	2	1	16	41	108	4	0
49	39	0	10	5	8	56	296	18	0
49	41	0	9	1	28	81	450	34	3
49	43	0	8	8	45	89	828	34	1
49	45	0	24	21	100	323	1233	123	24
49	47	0	18	4	67	123	506	37	6
49	49	6	85	67	237	1304	8450	364	20
49	51	0	1	0	10	36	176	7	0
49	53	3	44	30	172	516	2162	134	9
49	55	0	0	0	1	3	12	0	1
49	57	3	72	121	295	1307	5593	342	27
49	777	0	0	0	5	8	0	5	1
50	1	0	4	2	16	183	356	17	3
50	3	0	5	4	48	277	651	35	3
50	5	1	4	6	34	256	396	22	3
50	7	1	36	32	165	1013	3732	59	15
50	9	0	0	0	0	19	28	0	0
50	11	0	8	17	67	320	755	75	1
50	13	0	0	0	3	32	41	3	0
50	15	0	2	0	18	51	312	39	1
50	17	1	7	1	8	192	238	18	10
50	19	0	13	0	25	174	273	25	3
50	21	2	9	18	78	582	1573	52	14
50	23	1	21	9	46	358	1207	26	7
50	25	0	8	18	76	306	701	38	1
50	27	2	11	5	45	383	672	49	12
50	999	0	0	0	0	0	0	0	0
51	1	2	9	15	37	179	423	21	41
51	3	4	26	18	59	294	1429	61	14
51	5	1	2	1	13	67	179	4	4
51	7	0	1	0	25	35	104	12	2
51	9	0	7	1	7	131	391	18	2
51	11	0	0	1	4	34	94	5	0
51	13	5	31	118	151	288	3804	257	4
51	15	2	7	2	76	132	688	38	3
51	17	1	0	1	0	7	19	0	1
51	19	1	8	2	28	231	515	41	2
51	21	0	0	1	0	17	52	0	0
51	23	0	3	1	25	75	203	9	2
51	25	0	1	2	7	56	79	13	1
51	27	1	2	4	31	117	327	26	6
51	29	0	4	4	19	210	167	24	1
51	31	2	14	8	41	176	651	39	2
51	33	1	9	7	19	90	298	19	10
51	35	0	5	3	18	90	362	24	3
51	36	0	1	1	4	2	10	0	0
51	37	1	4	3	13	48	85	1	2
51	41	10	57	149	197	1679	4958	291	75
51	43	0	1	0	16	42	132	7	4
51	45	0	0	0	6	2	9	0	0
51	47	1	12	14	45	103	741	49	1
51	49	0	0	0	19	22	61	14	1
51	51	1	1	0	11	23	165	15	6
51	53	2	9	6	41	111	282	32	3
51	57	0	4	2	24	63	168	7	0
51	59	16	124	353	409	1155	13627	830	72
51	61	2	11	8	34	117	596	39	10
51	63	0	2	0	7	29	107	7	2
51	65	0	3	0	14	57	145	7	4
51	67	0	12	5	44	169	649	45	1
51	69	2	31	11	45	301	1258	93	2
51	71	0	6	0	9	45	239	7	1
51	73	2	9	6	18	103	572	13	3
51	75	2	0	0	14	50	155	7	0
51	77	1	2	1	12	35	129	17	6
51	79	0	8	0	11	31	213	9	2
51	81	0	1	0	16	35	78	6	1
51	83	0	4	11	45	242	656	38	4
51	85	5	10	21	77	111	1047	58	4
51	87	14	21	226	303	1176	6322	384	57
51	89	5	10	28	145	380	823	75	6
51	91	0	0	0	1	3	2	0	0
51	93	4	3	11	31	106	468	23	6
51	95	1	12	14	43	152	791	14	10
51	97	0	1	0	6	13	9	6	2
51	99	0	5	3	15	58	279	15	2
51	101	0	1	0	13	39	99	12	0
51	103	1	4	0	3	23	102	4	2
51	105	1	1	11	22	115	311	2	6
51	107	3	59	52	181	350	3468	150	38
51	109	1	7	2	31	83	375	28	6
51	111	0	1	1	23	44	57	11	3
51	113	1	4	1	5	17	132	4	5
51	115	0	3	0	5	19	99	5	1
51	117	0	10	12	36	226	462	39	14
51	119	0	4	0	3	19	35	1	0
51	121	0	29	16	72	341	1440	54	21
51	125	0	1	1	13	75	165	12	1
51	127	0	3	1	18	107	221	9	1
51	131	0	4	7	9	76	158	18	0
51	133	1	2	0	8	9	50	2	1
51	135	2	4	5	15	54	228	15	2
51	137	1	7	4	19	56	310	11	0
51	139	2	6	7	15	112	329	11	11
51	141	0	2	5	15	66	220	27	2
51	143	2	6	8	15	209	383	51	6
51	145	0	1	2	12	67	164	8	1
51	147	1	9	6	13	81	395	15	1
51	149	0	5	8	19	91	331	52	1
51	153	2	48	214	380	944	5656	377	52
51	155	1	8	11	52	218	893	40	5
51	157	0	3	0	3	2	14	0	0
51	159	0	0	0	1	9	41	15	1
51	161	2	21	14	112	317	1160	54	1
51	163	0	1	2	17	121	230	13	6
51	165	0	13	4	42	204	479	49	0
51	167	1	8	3	50	124	337	10	5
51	169	0	8	3	11	105	272	16	5
51	171	0	6	6	38	187	521	19	5
51	173	2	2	7	35	131	541	25	18
51	175	0	3	4	20	94	226	34	2
51	177	2	36	61	166	236	1937	156	11
51	179	1	23	41	130	227	1934	105	19
51	181	1	0	3	19	30	33	6	1
51	183	1	2	5	15	39	103	13	4
51	185	2	14	7	51	288	924	40	10
51	187	0	13	6	18	101	738	35	1
51	191	2	16	4	44	241	928	67	6
51	193	1	3	0	15	38	165	9	6
51	195	4	12	12	42	235	603	37	7
51	197	0	2	6	22	23	244	13	0
51	199	0	2	15	65	129	1200	26	12
51	510	0	9	139	97	284	2424	326	8
51	515	0	3	3	6	21	183	9	0
51	520	2	5	17	36	114	507	31	3
51	530	0	1	0	4	3	57	0	0
51	540	2	16	50	130	165	1250	94	9
51	550	12	36	202	592	1044	5041	293	27
51	560	0	0	0	0	0	0	0	0
51	570	0	2	9	30	57	881	41	7
51	580	1	0	1	11	26	119	3	4
51	590	3	14	54	64	424	1483	45	15
51	595	0	3	5	24	71	213	15	2
51	600	0	4	7	10	24	401	22	1
51	610	1	1	7	3	14	194	3	0
51	620	1	4	11	18	40	304	18	1
51	630	2	1	21	88	87	991	21	11
51	640	0	10	1	25	17	289	6	0
51	650	12	16	157	159	771	3754	262	28
51	660	1	17	24	70	152	891	27	6
51	670	2	3	32	55	209	617	54	5
51	678	0	0	0	1	37	53	0	0
51	680	3	36	46	184	367	1667	69	13
51	683	3	8	51	76	111	745	48	7
51	685	0	1	1	19	20	201	13	0
51	690	1	6	7	25	77	320	20	5
51	700	21	52	271	415	1038	4615	265	71
51	710	34	88	502	750	2327	8972	759	62
51	720	0	0	0	4	10	202	3	0
51	730	5	7	59	111	395	939	107	7
51	735	0	0	2	11	25	134	6	4
51	740	11	43	181	228	1220	3419	215	14
51	750	1	9	8	63	108	394	21	3
51	760	44	43	640	654	2068	6833	952	54
51	770	9	39	141	353	939	3602	248	43
51	775	0	0	5	3	75	480	27	0
51	780	0	0	0	0	0	0	0	0
51	790	0	8	11	24	61	464	9	5
51	800	2	30	52	189	357	1823	95	20
51	810	21	57	327	346	1574	9717	487	124
51	820	0	11	9	48	88	623	39	1
51	830	0	2	8	10	37	423	12	1
51	840	1	9	17	33	162	1011	29	5
53	1	0	8	8	28	184	505	59	10
53	3	0	4	6	40	100	611	33	1
53	5	1	64	58	288	890	3408	260	36
53	7	1	16	17	82	466	1473	81	3
53	9	5	35	24	133	654	1540	112	7
53	11	7	135	230	563	2421	7526	1699	93
53	13	1	2	0	4	47	116	2	0
53	15	4	79	66	162	872	2742	237	51
53	17	1	11	7	20	260	550	32	4
53	19	0	1	0	11	15	33	1	1
53	21	1	19	46	154	525	1242	195	11
53	23	0	1	0	6	16	35	2	1
53	25	5	47	48	170	907	2423	287	24
53	27	4	20	37	77	649	1479	143	10
53	29	1	24	5	82	520	924	63	9
53	31	0	15	2	46	199	481	40	12
53	33	57	574	2572	3691	17559	53262	9545	310
53	35	5	109	111	458	2073	5454	614	42
53	37	0	13	6	28	275	1027	75	12
53	39	0	4	1	19	95	209	20	0
53	41	3	23	23	106	557	1365	118	13
53	43	0	0	0	9	56	130	12	2
53	45	6	27	22	107	914	1407	256	12
53	47	0	12	9	66	276	477	64	5
53	49	0	3	1	19	332	243	14	0
53	51	3	3	1	12	162	284	34	0
53	53	38	289	910	2274	9180	20856	3967	169
53	55	0	4	0	9	73	133	11	0
53	57	2	36	46	147	1239	3406	248	27
53	59	0	6	0	7	37	71	6	0
53	61	16	159	437	886	5336	13756	2405	143
53	63	18	139	658	942	6147	19138	2910	98
53	65	0	10	1	33	316	537	66	1
53	67	10	99	89	356	2150	5056	444	27
53	69	0	0	0	3	7	11	2	0
53	71	0	19	22	98	450	1550	105	15
53	73	2	78	68	281	1221	4614	236	22
53	75	1	16	6	27	186	501	17	8
53	77	19	76	218	575	3051	5578	1684	54
53	777	6	66	42	253	888	1956	520	46
54	1	0	0	0	44	70	66	10	0
54	3	4	23	69	168	726	2082	157	16
54	5	0	2	2	50	116	265	33	3
54	7	0	2	2	24	39	109	14	1
54	9	0	3	3	19	95	204	22	2
54	11	2	31	142	147	1289	3150	203	68
54	13	1	3	1	12	14	27	2	8
54	15	1	0	1	9	23	35	10	0
54	17	0	0	0	8	12	24	1	1
54	19	5	6	26	86	352	826	58	4
54	21	0	0	0	9	8	39	3	0
54	23	0	2	0	12	26	33	5	0
54	25	4	6	0	23	95	382	28	6
54	27	0	6	2	100	97	119	15	2
54	29	0	3	3	17	59	215	18	1
54	31	0	3	0	40	32	54	9	2
54	33	1	12	14	153	296	1136	70	10
54	35	0	1	2	13	49	179	16	1
54	37	0	2	11	51	151	654	27	7
54	39	11	55	148	657	1540	4835	359	58
54	41	0	0	0	21	39	113	3	0
54	43	2	5	9	98	226	525	56	4
54	45	3	8	8	124	117	381	61	0
54	47	0	6	5	56	91	171	105	3
54	49	0	12	12	119	181	327	24	9
54	51	0	6	6	68	180	605	23	3
54	53	3	4	4	20	80	285	30	1
54	55	5	7	34	181	523	968	112	6
54	57	0	7	6	69	131	287	17	1
54	59	3	2	5	63	86	177	31	1
54	61	3	22	43	209	400	1580	74	10
54	63	0	2	3	18	39	93	8	0
54	65	0	4	1	20	96	117	23	0
54	67	1	7	2	196	86	308	19	16
54	69	0	24	46	240	322	764	56	4
54	71	0	0	0	5	36	13	3	1
54	73	0	0	0	3	386	16	1	0
54	75	0	2	1	21	26	43	2	1
54	77	1	8	4	78	97	188	28	4
54	79	1	8	9	164	157	655	31	1
54	81	9	36	99	227	1054	2126	132	14
54	83	2	14	5	107	158	508	25	7
54	85	0	3	1	12	30	65	14	2
54	87	0	4	0	26	37	148	12	2
54	89	0	1	4	16	102	171	5	0
54	91	0	0	2	7	14	28	4	0
54	93	0	1	0	8	13	29	2	0
54	95	0	1	0	18	46	91	3	3
54	97	1	0	1	6	87	297	8	0
54	99	2	10	14	84	300	629	61	10
54	101	3	0	1	25	26	29	4	0
54	103	0	0	1	18	62	91	12	2
54	105	0	1	0	31	42	57	11	2
54	107	1	28	35	216	619	1876	109	29
54	109	1	5	7	73	131	266	25	3
55	1	0	6	6	11	225	343	16	0
55	3	0	1	2	50	78	411	14	1
55	5	1	10	6	29	147	437	18	2
55	7	0	1	0	18	142	145	8	1
55	9	8	68	98	534	989	3685	158	15
55	11	0	1	0	1	11	20	2	0
55	13	0	2	2	30	137	236	38	2
55	15	0	8	7	49	102	469	18	0
55	17	0	16	7	60	242	777	33	9
55	19	0	0	1	99	80	177	18	4
55	21	0	15	3	65	224	685	27	4
55	23	0	0	0	2	19	168	5	0
55	25	9	149	291	675	2364	10343	370	57
55	27	1	12	6	49	248	1096	26	8
55	29	1	2	0	17	41	275	8	2
55	31	1	11	22	61	359	1199	92	23
55	33	0	6	1	52	126	588	32	1
55	35	4	31	18	109	445	1636	50	5
55	37	0	0	0	11	43	61	3	0
55	39	0	41	13	172	251	1480	54	6
55	41	0	3	1	3	44	156	11	0
55	43	0	11	1	63	172	798	23	3
55	45	0	3	1	23	100	540	39	3
55	47	0	3	1	7	50	270	11	2
55	49	0	8	2	31	62	184	14	1
55	51	0	0	0	26	21	59	0	0
55	53	0	6	3	13	59	301	10	0
55	55	1	13	3	86	256	1130	31	11
55	57	0	8	1	42	106	337	14	0
55	59	2	47	117	168	910	3288	148	21
55	61	1	3	0	5	30	222	9	1
55	63	4	27	43	125	650	2437	77	3
55	65	0	1	2	3	33	156	14	1
55	67	0	0	0	32	174	604	35	0
55	69	0	6	0	39	170	345	18	5
55	71	0	8	14	88	252	1258	47	4
55	73	2	28	24	111	485	1678	71	34
55	75	1	8	10	3	462	568	49	8
55	77	0	1	1	8	54	154	18	5
55	78	0	0	0	2	31	25	3	0
55	79	103	276	3426	4919	8744	29434	5223	351
55	81	0	4	3	39	175	917	31	7
55	83	0	0	3	5	249	502	34	10
55	85	0	6	0	56	148	545	19	1
55	87	1	34	31	225	419	2495	65	8
55	89	0	1	6	40	165	727	14	1
55	91	0	3	0	3	28	53	4	1
55	93	2	4	4	68	138	572	24	7
55	95	1	10	4	79	151	359	31	0
55	97	0	14	4	56	222	947	24	3
55	99	0	0	0	11	40	166	10	1
55	101	6	40	226	212	1430	3673	187	26
55	103	0	0	0	5	12	66	0	0
55	105	3	44	96	241	884	3738	149	22
55	107	0	2	1	16	40	62	8	2
55	109	1	8	3	47	175	1022	48	7
55	111	1	21	7	59	225	1646	40	7
55	113	0	4	1	26	164	236	12	1
55	115	1	10	1	25	239	577	37	1
55	117	5	25	23	142	408	1964	80	9
55	119	0	5	0	2	55	159	9	0
55	121	0	11	2	7	68	221	9	0
55	123	0	5	0	10	59	200	10	1
55	125	0	1	1	5	62	170	8	0
55	127	1	9	12	99	287	1566	61	3
55	129	0	4	0	19	63	194	10	0
55	131	2	10	21	86	309	1922	37	5
55	133	4	38	48	154	746	4143	115	2
55	135	0	9	5	43	237	868	27	3
55	137	0	8	2	17	85	340	18	4
55	139	0	28	24	269	675	2622	90	3
55	141	1	7	10	12	269	1335	44	0
55	777	0	12	3	96	187	591	56	4
56	1	1	15	2	26	118	782	29	9
56	3	0	3	1	11	16	31	0	1
56	5	0	1	4	57	202	1171	50	13
56	7	0	10	0	29	49	264	18	4
56	9	0	5	0	29	31	327	13	3
56	11	0	3	0	3	20	115	8	0
56	13	2	21	3	41	127	859	39	3
56	15	0	0	1	36	66	146	2	0
56	17	0	0	0	7	14	68	2	1
56	19	1	1	0	12	13	141	3	2
56	21	2	33	27	165	425	2147	144	16
56	23	0	0	0	11	38	89	4	1
56	25	3	7	12	130	474	1739	133	23
56	27	0	0	0	3	1	6	1	0
56	29	1	16	2	53	109	359	13	4
56	31	0	1	0	3	23	61	5	0
56	33	1	4	2	21	108	386	18	3
56	35	0	1	0	11	22	57	4	1
56	37	3	18	5	170	120	794	38	7
56	39	0	4	1	35	28	203	6	0
56	41	0	3	0	4	37	333	12	0
56	43	0	0	0	5	2	44	1	0
56	45	0	1	0	4	10	76	5	0
56	777	0	3	0	37	13	45	21	8
